num_events,duration,total_distance,avg_velocity,std_velocity,max_velocity,median_velocity,avg_acceleration,std_acceleration,avg_angular_velocity,avg_curvature,click_count,click_rate,drag_count,drag_ratio,pause_count,pause_ratio,x_mean,y_mean,x_std,y_std,x_range,y_range,straightness,avg_sampling_rate,user_id,session_id,split,is_illegal
30287,15654.895,1843443.2940792972,317.0095607828311,865.8850835806686,6708.074568692221,42.016821552169354,2875.99937947126,8787.77828445314,4.014394390209875,0.1747288644838572,1080,0.0689880066266813,1258,0.04153597252946809,2122,0.07006306336051771,749.522732525506,500.77062766203323,529.8283304059981,443.658125040101,65535.0,65535.0,50.0,1.9346664413910153,user12,session_2144641057,train,0
32322,17996.849,2975195.319007987,402.6083312339305,1127.2347420179294,8920.063936504397,55.99918230060268,3715.400200383911,11623.480344649603,4.424261222809065,0.16771177856865044,1228,0.06823416699223292,1311,0.04056060887321329,2167,0.06704411855701999,927.3594455788627,497.98697481591483,876.237745591887,845.1243752991835,65535.0,65535.0,50.0,1.7959810631294402,user12,session_5265929106,train,0
48244,15222.425,2933242.530117234,328.236933543821,909.0953716571236,6824.900524740961,50.000022916335766,2856.219796256274,8710.724236545406,4.694244633197195,0.1897403528604725,1616,0.1061591697774829,2533,0.052503938313572675,3059,0.06340684852002322,596.7116947185142,427.86696791310834,294.5031284653301,164.3575155290746,1363.0,767.0,50.0,3.169271650213419,user12,session_5815391283,train,0
32652,13872.8599999,1992101.8638300768,249.36148521314246,825.2123568496219,6508.053829524295,6.331791360698726,2356.1360023640996,8135.4484042323365,3.0839633993808535,0.1458612727251015,928,0.06689320010485865,1211,0.03708808036261178,1785,0.054667401690554944,682.5357405365675,581.6545387725101,334.0612249314779,265.6928763015517,1919.0,1079.0,50.0,2.3536603123101774,user12,session_7409188284,train,0
33550,15586.9940002,2160422.3155342326,315.647331684835,976.6782229204898,7394.255303473962,33.505518181230634,2936.149327025058,9888.505360804777,4.058450346460956,0.1780632254332701,1178,0.07557582943734274,1514,0.04512667660208644,2490,0.07421758569299552,646.5224143070045,376.93472429210135,279.1284692309696,170.2548418404462,1363.0,767.0,50.0,2.1524355497647276,user12,session_8872593360,train,0
40047,16486.967,2234352.184878787,305.8784149559688,737.0196380871749,5321.695570908558,48.96495646733479,2555.3485363415757,6898.949453381049,4.52741801640232,0.2015287308959635,1477,0.08958591352793997,1790,0.04469748046045896,2908,0.07261467775363947,525.40390041701,406.8864084700477,298.53234782961647,183.02155728986006,1363.0,767.0,50.0,2.429009532195946,user12,session_9031593624,train,0
29722,16845.892,1963335.1130582036,384.32687352769057,1038.022112338181,7869.674573877101,50.81405691526054,3455.206044483962,10479.964044372548,4.434709925297745,0.19203265217892473,1229,0.07295547187409251,877,0.029506762667384428,2086,0.07018370230805464,916.1645582396877,483.02382073884667,405.287141803001,256.6502291071794,1909.0,1079.0,50.0,1.764347058618208,user12,session_9838420452,train,0
17156,12221.8609998,1025600.141660444,350.4902147957476,869.0016066596785,6066.30488836868,50.95807278294726,3155.514259796206,8880.454661907424,3.539646660763752,0.10112120994543163,1126,0.09212999558892268,835,0.0486710188855211,651,0.03794590813709489,759.812368850548,508.54453252506414,490.3997656083594,271.86376191197274,1919.0,1079.0,50.0,1.4037142134312233,user15,session_0205904470,train,0
30742,18082.925,1244028.64385418,286.3550031128516,730.9680126549275,5368.988141092339,41.21322647644563,2730.587988368298,8121.464079966637,3.58124441790207,0.10444226812020571,2559,0.14151471623091952,1706,0.0554941122893761,1251,0.040693513759677315,796.5630733198881,546.0566976774445,464.0060879207948,246.71234762803522,1919.0,1079.0,50.0,1.7000568215595653,user15,session_1366248436,train,0
16971,17783.0140002,826961.5128079007,306.9907485819258,692.6675549737913,5000.0,53.57142857095526,2495.2340090536363,6233.845493272564,3.3011050067588092,0.10947635321233899,1106,0.06219418148057248,629,0.0370632255023275,671,0.03953803547227624,528.1880855577161,463.687231159036,425.34163852787844,286.63035579243285,1919.0,1079.0,50.0,0.954337661760213,user15,session_5657866014,train,0
44018,25949.0210001,3291093.572174766,594.449362623877,2239.7528321005175,20086.51411394039,73.04344807968954,11320.181693750626,64135.04512995346,4.452849932610601,0.10322776132726062,2296,0.08848118007963197,547,0.012426734517697305,1201,0.027284292789313463,519.5412785678586,546.5983006951701,373.0155168509032,323.43257532674517,1919.0,1079.0,50.0,1.6963260386521082,user15,session_6715291950,train,0
23354,13385.1800001,1082732.6963052049,313.7599209828674,724.3703048515589,5000.0,57.55769582503328,2870.1000331521027,7496.999238230712,3.8163265147890395,0.10857169272178459,1445,0.10795521614122519,1836,0.07861608289800462,622,0.026633553138648625,554.1806970968571,483.03605378093687,460.12206696702725,293.05629935090684,1919.0,1079.0,50.0,1.744765479420189,user15,session_8694009379,train,0
17680,14854.7689998,1076269.9286704687,381.2994521302717,943.9460796358638,7069.880777253229,62.50002403849945,4981.400124119266,21212.28784494037,3.88508219653871,0.09144145970835815,924,0.06220224629628643,2090,0.11821266968325791,439,0.024830316742081446,763.6644230769231,459.9152149321267,522.6598337080371,267.10401447938415,1919.0,1079.0,50.0,1.190190167227645,user15,session_8848361933,train,0
53816,12361.8840001,3336783.5512972567,355.67775685103373,949.9236491688691,7061.17568547171,48.0529042837277,3363.6752719009214,9877.065874810467,5.0233865614436075,0.14237020437913347,3272,0.26468457396732825,2909,0.05405455626579456,1465,0.027222387394083544,521.0049241861157,478.7017243942322,390.7032271206947,281.3346763429265,1919.0,1079.0,50.0,4.353381733687572,user16,session_0735651357,train,0
37774,15348.6890001,2050693.9226190073,295.51491911883915,822.3717024276292,6082.318528413715,34.938513016268445,2826.1119695411844,8538.20447951855,4.945077099688493,0.16979110641742728,2180,0.1420316744958346,3529,0.09342404828718166,1548,0.0409805686450998,552.5658389368349,419.68144755652037,507.8479984618411,256.69084327291165,1919.0,1079.0,50.0,2.461057097433787,user16,session_1607878631,train,0
37464,18960.296,2466988.9795523304,356.9213879736861,962.2394144147463,6998.688308026969,48.18966477001584,3443.0148762653216,10301.684638583298,5.097043771416093,0.13902050962205242,2172,0.11455517361121367,1398,0.03731582319026265,1053,0.028106982703395258,424.9867072389494,492.50835468716633,293.4937883145075,293.05345366664665,1919.0,1079.0,50.0,1.9759185194155198,user16,session_1658051584,train,0
45839,14519.02,4691925.14562009,482.7240951187227,1373.3411573779038,8799.261466906419,44.50547588330606,4824.0306125905545,14870.681678072606,5.41493434864481,0.11910000633307624,2198,0.15138762809060116,2802,0.061126987936037,1125,0.02454242020986496,498.48072601932853,503.41887912039965,334.1191314143519,285.82442175579837,1919.0,1079.0,50.0,3.1571690100296026,user16,session_3012944488,train,0
36725,15492.6930001,2018746.8126412197,321.0016213256472,942.2958640224307,7267.408824446097,36.69725861459709,12015.460312934434,90693.83182369015,5.12407943122366,0.14456997869957608,2058,0.13283681539334163,1992,0.05424098025867937,1034,0.028155207624234173,415.0528522804629,476.526017699115,336.32773194389847,276.6537858802236,1919.0,1079.0,50.0,2.370472325228606,user16,session_5398005306,train,0
28428,9956.94500017,2060967.6707647014,401.4645458085496,994.0936527367695,6675.30403920022,53.88349416053343,3730.1282767539547,10136.509896614407,5.438270355714761,0.14977609524667057,1653,0.16601477661790615,919,0.032327282960461515,861,0.030287040945546646,477.70268749120584,482.0601167862671,380.72918223997584,282.0447818221824,1919.0,1079.0,50.0,2.855092601145696,user16,session_6961018175,train,0
36004,2391.43799996,695736.3094355334,42.332589513779745,358.30692719538285,5000.0,0.0,213.35512699123663,1163.5905982934296,1.0032090130676075,0.14125795048805664,507,0.21200633259506632,1261,0.03502388623486279,419,0.011637595822686368,558.272469725586,477.6198200199978,468.2812343242494,401.090249332024,65535.0,65535.0,50.0,15.055376723378242,user20,session_0214655159,train,0
55286,7323.00900006,1417601.0547534968,68.8929310072652,475.5677506881838,5000.0,0.0,32816.242747737735,252781.16333319436,1.9366843522822237,0.21872762155775946,467,0.06377159989782528,1437,0.025992113735846326,598,0.010816481568570705,383.69742792026915,437.01045472633217,673.8556158827965,653.3434383808441,65535.0,65535.0,50.0,7.549628847861175,user20,session_0764157160,train,0
60087,5374.43099999,443188.19698648783,26.212862568577904,279.3787518765243,5000.0,0.0,77.77565307506796,389.88662460063597,0.7336031020767075,0.1225921754328676,502,0.09340523675919071,731,0.012165693078369698,624,0.010384941834340206,338.6071862466091,291.9950904521777,307.13686560323276,267.34617314106913,1439.0,899.0,50.0,11.180160281174286,user20,session_2372891077,train,0
31773,3952.71899986,266224.9137182579,38.414240026740714,344.43493882288385,5000.0,0.0,167.86226312762176,939.1292546048131,0.9457311065219451,0.15505256701979325,402,0.1017021447804001,187,0.005885500267522739,555,0.017467661221792087,398.9608472602524,391.93315078840527,287.62077666612277,211.2119336756055,1439.0,899.0,50.0,8.03826429380013,user20,session_3767642011,train,0
31441,2823.625,514936.17304153735,43.434903694741934,379.78959709099246,5000.0,0.0,254.0688333860204,1695.0206298070837,0.9757141167742336,0.14448381221023526,325,0.11510027004294125,171,0.005438758309214083,391,0.012435991221653255,290.66804490951307,425.9006074870392,232.93779627479145,255.99028639819306,1439.0,899.0,50.0,11.134977201292665,user20,session_7888368102,train,0
40475,13296.244,2650161.464744731,279.3360294723263,743.2321549349999,5563.911087569602,48.275816469360194,2671.8089745166844,8637.06450704145,4.621226740283872,0.14441017747863455,2013,0.15139613863885168,1767,0.04365657813465102,1651,0.04079061148857319,417.9721062384188,397.2984558369364,704.7583426098496,681.5387037146924,65535.0,65535.0,50.0,3.0440927528104926,user20,session_9673196280,train,0
39131,4223.28100014,261482.29013691813,28.204912040627747,291.4493557250507,5000.0,0.0,85.29816945792554,410.0311394743364,0.766224012814984,0.12602162956889207,347,0.08216360691805662,2595,0.0663157087730955,443,0.011320947586312642,499.36091589788145,345.4211750274718,338.5215794363079,240.94836232009825,1439.0,899.0,50.0,9.26554496343076,user20,session_9818121880,train,0
16386,5937.79200006,1619336.0086481632,272.9571810889104,707.1588746805288,5000.0,28.2346244867482,2615.880780927888,7227.256596374507,5.471861757003218,0.18052060119514213,896,0.15089784215933233,553,0.03374832173806908,670,0.04088856340778713,296.57353838642746,338.87849383620164,1034.8016535177426,1033.9942281187082,65535.0,65535.0,50.0,2.7596116535968966,user21,session_0347800921,train,0
17636,11340.046,1048616.2430441482,259.67574456364713,698.9404121077212,5000.0,21.833569596147914,2541.426882549643,7506.085908862997,5.815773904352657,0.21488552965889382,1002,0.08835942993529303,499,0.028294397822635518,716,0.04059877523247902,363.16369925153094,351.0181447040145,537.2482928562321,524.0256414853644,65535.0,65535.0,50.0,1.5551965133122034,user21,session_0639882460,train,0
21465,7881.71500015,1371977.172539537,281.2601969834629,729.1679625388489,5000.0,24.53986074007631,2476.725350804063,6660.744421362896,5.14255633022094,0.20977722981394353,1304,0.165446225849981,750,0.03494060097833683,1171,0.054553924994176564,355.4858141160028,309.82152341020264,282.53000064417137,196.02753459318342,1363.0,767.0,50.0,2.7233920535811675,user21,session_5306911480,train,0
16022,3513.5710001,1799893.3298008135,346.5491898365734,877.2523890463715,5749.016144069858,41.666697434460225,3014.354872499144,7979.694222909318,5.884622839671933,0.19136078946798715,643,0.18300469806407768,367,0.022906004244164273,585,0.036512295593558855,332.1278242416677,374.10541755086757,923.5050770043053,913.685798648736,65535.0,65535.0,50.0,4.560033083021232,user21,session_6886360376,train,0
17740,4688.05099988,948091.3707171783,322.67375989257187,738.9388505823015,5000.0,40.02482630897114,3065.9674990476738,7677.699364641717,5.616935664190869,0.15840608763970268,1379,0.29415209007651544,553,0.03117249154453213,773,0.04357384441939121,411.1825817361894,314.28444193912065,255.07902581288135,184.84444177072342,1363.0,767.0,50.0,3.784088526437552,user21,session_7001496014,train,0
15342,4579.09700012,1085158.3743689312,334.229357950889,844.9518174469316,6044.6728894795815,38.543274222997084,3247.503356412709,9061.54203201857,5.530831895724284,0.16983297100246092,902,0.1969820687302239,364,0.02372572024507887,612,0.03989049667579194,376.9072480771738,318.2149654543084,581.2280282254671,553.707489240916,65535.0,65535.0,50.0,3.350442237759529,user21,session_7767882493,train,0
21340,15193.3369999,793950.8087997963,214.67091240311868,596.7974575216134,5000.0,19.736833015975872,2125.314789033618,6812.443063382731,5.043557250332079,0.2098209771538221,1361,0.08957874099738311,572,0.026804123711340205,1107,0.05187441424554826,305.2340206185567,309.0349578256795,204.46954538620534,182.43101878954755,1363.0,767.0,50.0,1.4045630660427302,user21,session_8505229187,train,0
21583,11903.0020001,1208256.776625115,304.60657604911194,885.2187453550058,6649.276503804746,44.50549427346956,2766.2570200117057,9214.66966286834,4.095670489893141,0.12303627440861278,1219,0.10241113964273542,393,0.01820877542510309,770,0.0356762266598712,355.47722744752815,332.3751100403095,259.61648544398065,189.94845433654527,1279.0,799.0,50.0,1.8132400548885632,user23,session_0405064924,train,0
21115,6404.78299999,920618.8304369987,235.66186164578474,651.8809494010562,5000.0,37.65852464958502,2115.7816355826276,6566.733200720068,3.8186551054802167,0.12354306868727967,999,0.15597718142856049,246,0.011650485436893204,781,0.03698792327729102,298.61676533270185,322.57130002367984,254.4135359415808,185.56868978566487,1279.0,799.0,50.0,3.2967549408048593,user23,session_1123244103,train,0
17348,11100.9850001,500016.9620536616,200.26723401060687,537.6816511745797,5000.0,36.23188143252114,1769.242076245346,5514.070778563381,4.0865366349847125,0.15615550756592594,1136,0.10233326141687127,668,0.03850587964030436,788,0.045423103527784184,333.3879409730228,287.03441318884023,243.21173576768354,162.9102883799215,1279.0,799.0,50.0,1.562744206918911,user23,session_2080551697,train,0
17127,7143.27400017,798085.4441080701,283.61232540871634,673.4122859258682,5000.0,62.575732741411066,2256.1522324395883,6239.062515827912,3.783200928271348,0.12263464807396242,948,0.13271225490964492,326,0.019034273369533485,736,0.04297308343551118,343.0070064809949,290.97471828107666,275.8283280648943,186.14362441724558,1279.0,799.0,50.0,2.397640073668237,user23,session_3195683016,train,0
18940,9655.79900002,662279.6338411471,236.2451514168718,591.9492076594518,5000.0,46.726363414879444,2006.053031580187,6051.890826715902,4.061044243396314,0.14097966507043017,1061,0.10988215475465078,298,0.01573389651531151,861,0.04545934530095037,314.1501055966209,353.5823653643083,227.5508462433209,165.09648475904837,1279.0,799.0,50.0,1.9615155617842468,user23,session_7336984763,train,0
28435,20934.878,1170876.1557418825,237.03107868264257,641.8336036454989,5000.0,35.928182437561716,2033.4959909958345,6431.54872864136,4.003878741382336,0.14314988763119757,1345,0.06424685159378526,592,0.020819412695621594,1220,0.04290487075786882,371.2349920872165,315.4256022507473,302.18961009299477,170.5539358981399,1279.0,799.0,50.0,1.3582596468916608,user23,session_9962419470,train,0
14980,14088.24,717891.3753248155,310.23769508230515,728.8843857290733,5000.0,38.46255648029485,3061.2072032887136,7955.428569979787,4.582399304265949,0.1506277649609081,1347,0.09561165908587588,419,0.027970627503337783,724,0.04833110814419225,415.3340453938585,327.5351802403204,329.8117066282172,218.78877203399392,1919.0,1079.0,50.0,1.0632981834494586,user29,session_0595774526,train,0
13640,6217.06100011,426115.7115935016,206.965450419956,720.5839111091083,5776.003225006721,4.317578717145711,50494.58273196161,419446.19197884004,3.83905596417546,0.1533672154989319,913,0.14685395558831513,612,0.044868035190615836,637,0.04670087976539589,342.00857771260996,325.8724340175953,288.18598323875693,222.41452545452503,1919.0,1079.0,50.0,2.1939627099941053,user29,session_2786719181,train,0
15524,7344.84700012,4848746.459431736,287.4226088828919,696.7456901040973,5000.0,42.96149586969655,2697.105458643151,7247.283968556355,4.953512263964403,0.15102463325599863,1030,0.14023437111531006,710,0.04573563514558104,612,0.03942282916774027,439.4698531306364,369.373357382118,2572.1547283779823,2570.034181510553,65535.0,65535.0,50.0,2.1135906574699743,user29,session_3135434116,train,0
32601,6905.26999998,1154865.55540997,204.22669735953446,636.5748440688625,5000.0,13.309929229774578,29670.331470672085,254306.10440808214,4.2287010029204035,0.14967510116216254,1832,0.26530461517150034,1513,0.04640961933683016,1382,0.04239133768902795,304.4617649765345,287.46651943191927,199.633703415961,157.63596446114022,1023.0,767.0,50.0,4.721176724457469,user29,session_3424156599,train,0
18114,15807.411,968527.2254904751,261.9040249793178,820.0324203794289,5996.786199192211,5.870863571238789,24760.333410463507,211707.4199249973,3.907319302874412,0.1431185783310158,1104,0.06984065891625137,742,0.04096279121121784,837,0.04620735342828751,311.29248095395826,328.1405542674175,302.0310489168198,221.67350876927287,1919.0,1079.0,50.0,1.1459182025443635,user29,session_4384625557,train,0
13707,6783.58100009,2998542.8319872455,298.43452018403315,689.5549854745067,5000.0,46.1538106509287,2754.600682720689,7099.917865020089,4.779031152287228,0.15419069725944126,1000,0.1474147651493706,410,0.02991172393667469,464,0.03385131684540746,372.6360253884876,338.80229080032103,2021.1356988803075,2017.4894436771192,65535.0,65535.0,50.0,2.020614185902423,user29,session_5396497934,train,0
23185,7662.04699993,694782.4290197995,188.84268925645443,664.9074959567791,5399.0678745952155,3.940887243078086,35873.39607181024,312061.7373576312,3.855824815707775,0.15164679244150406,1526,0.19916348725268082,1332,0.0574509381065344,1043,0.04498598231615269,268.3742505930559,320.2998921716627,244.97470975753882,209.97639966569758,1919.0,1079.0,50.0,3.0259537693010516,user29,session_8617964668,train,0
23107,7895.28900003,1032222.3944708421,259.78444299050693,666.8262411945581,5000.0,39.92979244279345,2399.1856269807818,6817.1392046626415,5.148746867593666,0.15827597904292257,1063,0.13463725013688047,748,0.03237114294369672,796,0.03444843553901415,330.9795732894794,345.93504132946725,234.8676497050614,174.08561195526664,1023.0,767.0,50.0,2.9266819745182473,user35,session_1909471574,train,0
21328,10877.76,942851.7837157886,253.46382466356852,656.9192435348524,5000.0,35.706357555334584,2139.56518085204,6293.314403943876,4.5328871856746575,0.1771041425963281,991,0.09110331538846232,944,0.04426106526631658,1115,0.05227869467366842,405.7013315828957,341.3887378094524,288.2697707931555,195.89071810817134,1363.0,767.0,50.0,1.9606977907216192,user35,session_3412209090,train,0
16901,9117.34299994,693319.7602082042,249.6251550437609,642.9667306070983,5000.0,36.81344637272576,2369.2496813541397,6928.491082911474,5.064037511354704,0.162621306128711,911,0.09991946118578574,325,0.019229631382758416,771,0.0456186024495592,348.6199633157801,337.6659960949056,215.34011106478772,173.54253431322067,1279.0,767.0,50.0,1.8537198830965582,user35,session_5394017914,train,0
19415,18208.599,966918.6728318974,296.65892090172355,700.8386645670587,5000.0,44.27549147026719,2511.8627264294178,6595.594073343646,4.281921119976283,0.16449480569752223,866,0.04755994681413985,750,0.03862992531547772,1374,0.0707700231779552,416.01282513520476,361.89065155807367,354.37909256743745,212.70586460751113,1363.0,767.0,50.0,1.066254465815849,user35,session_6509784211,train,0
18119,7448.73199987,788659.6735120387,230.06589028271813,547.1683550809646,5000.0,42.86421420521464,1896.0638225195114,5014.212737416196,3.9482564672401477,0.16269910054645123,965,0.12955225131161138,258,0.014239196423643689,1219,0.0672774435675258,312.2040951487389,338.1346100778189,538.4897394932157,523.284401430149,65535.0,65535.0,50.0,2.432494550792836,user35,session_6820312264,train,0
83091,7476.08400011,996518.0053216619,67.47605834913644,474.9415010661966,5000.0,0.0,26383.869801708785,218808.82174005415,1.8692911669169199,0.20629126709244033,1289,0.17241646829824736,7036,0.0846782443345248,1037,0.012480292691145853,309.07348569640516,363.60408467824436,209.87957711811453,180.71952632933244,1279.0,799.0,50.0,11.114241091830621,user7,session_0041905381,train,0
43484,2452.39199996,388237.56254503643,73.68358709729942,508.06846889481636,5000.0,0.0,43557.331984071185,347103.279349974,2.025859712123175,0.19216966926163562,706,0.287882198282948,1815,0.04173949038726888,556,0.012786312206788704,378.59674822923375,383.1834697819888,232.1441648545091,184.89282732009383,1223.0,799.0,50.0,17.731259929370694,user7,session_1060325796,train,0
69832,7806.75200009,1036277.5014433808,68.0994053940452,474.12151200216096,5000.0,0.0,16875.944470545757,148582.18538020598,1.744960166972133,0.1695171268730134,909,0.11643766831449501,2264,0.03242066674304044,737,0.010553900790468553,292.61987341047086,349.43724939855656,215.00923876945654,223.07912070861795,1279.0,799.0,50.0,8.94507728684028,user7,session_3320405034,train,0
59197,4521.73400021,872050.9447306129,64.04635438308543,456.81127050102236,5000.0,0.0,17561.64900826698,152020.52222479347,1.8118007786730475,0.19445697613354798,754,0.16675018918958578,2684,0.045340135479838506,601,0.010152541513928071,285.64575907562886,357.3952903018734,319.4408621575689,331.70110422722354,65535.0,65535.0,50.0,13.091659084159032,user7,session_3826583375,train,0
54338,3379.977,637327.0502086908,70.52196286647529,495.9760623957582,5000.0,0.0,28672.68059129776,240808.96229722427,1.7777494885436846,0.18525201871446909,1178,0.34852308166594037,1852,0.034082962199565685,831,0.015293165004232766,396.21195112076265,370.7817365379661,269.37477570809455,188.68778724925687,1279.0,799.0,50.0,16.076440756845386,user7,session_6668463071,train,0
48209,3804.79699993,634720.7710734911,66.25797264714899,476.2969385385208,5000.0,0.0,23267.88290033016,206878.88200132767,1.8084412724747458,0.18442029250644593,728,0.191337409068971,497,0.010309278350515464,320,0.006637764732726255,279.06025845796427,292.80001659441183,222.82861458425526,178.21621261852877,1279.0,799.0,50.0,12.670584002480801,user7,session_8961330453,train,0
67909,4901.56200004,1540918.7993199034,86.07499003819295,545.0614823297919,5000.0,0.0,50595.8866965928,399312.3436685647,2.122668456780485,0.16580653225978706,1123,0.2291106386068024,1204,0.017729608741109425,468,0.006891575490730242,338.0974097689555,336.43213712468156,498.70935645509644,472.6280036020823,65535.0,65535.0,50.0,13.854563096303956,user7,session_9017095287,train,0
54418,2997.91799998,1394488.9112292656,25.978394841591093,288.0735672517286,5000.0,0.0,58.34726182366644,380.33363567066976,0.8276259726830135,0.19638773022871162,588,0.19613611846752405,1729,0.03177257525083612,517,0.00950053291190415,353.5171634385681,292.91203278327026,724.5422633503214,704.8096544101775,65535.0,65535.0,50.0,18.151930773411095,user9,session_0335985747,train,0
58141,4724.47199988,772030.9679448663,26.7521348716081,297.08820370832655,5000.0,0.0,60.002866651782064,380.0528372628541,0.8193534021019675,0.19086738121765773,691,0.14625973019155392,614,0.010560533874546361,592,0.010182143409986069,348.64359058151734,348.9987616312069,442.0545369026503,418.94446904610317,65535.0,65535.0,50.0,12.30634873092205,user9,session_3390119815,train,0
72732,4946.69199991,525061.1776019793,27.16921427898655,298.00885302390503,5000.0,0.0,87.15199590731537,613.2043012196813,0.8192277417136108,0.19035350218763827,967,0.1954841740738242,666,0.009156904801187922,737,0.01013309134906231,406.33081724687895,337.68126821756584,286.52772555119026,175.444752135305,1359.0,767.0,50.0,14.703159202417147,user9,session_3879637058,train,0
56973,2909.58999991,299791.21848667006,23.274262786076275,268.934967960684,5000.0,0.0,41.88432249850134,230.77826902549674,0.783718402851251,0.20406255998407338,764,0.2625799511352569,668,0.011724852122935425,598,0.010496199954364347,426.71656749688447,328.90955364821934,289.9078879566273,147.23179770694784,1332.0,767.0,50.0,19.581109366530093,user9,session_4373781904,train,0
59781,2833.41100001,1202613.13946538,21.745670784569867,259.4442300821248,5000.0,0.0,34.05452510250156,171.76341246793598,0.7141664832767084,0.1951203608662324,677,0.23893462684997363,1211,0.020257272377511248,546,0.009133336678877904,362.2729797092722,310.7293287164818,651.9497850952812,621.7871487105309,65535.0,65535.0,50.0,21.098598120706463,user9,session_5155383252,train,0
57106,2846.82200003,303439.15613710607,24.608361062333906,281.75176371825125,5000.0,0.0,42.95528192343573,229.0270987156342,0.7872046749638303,0.19964739147368213,1002,0.35197142637981615,992,0.017371204426855323,659,0.011539943263404896,387.563898714671,333.7456659545407,297.97893654036136,155.29654537265557,1363.0,701.0,50.0,20.0595611525407,user9,session_7285432516,train,0
56517,3330.49599981,301530.46981340426,24.78954432651706,279.81274182436476,5000.0,0.0,45.25523134218961,251.97369888248895,0.7919513780856166,0.18278495759430646,571,0.1714459347894652,1382,0.02445281950563547,596,0.010545499584195905,324.5769237574535,296.0636268733301,222.08055854920212,170.85036798662875,1356.0,716.0,50.0,16.96954447722628,user9,session_8764610836,train,0
1613,439.580999851,49094.888495797386,201.2063862101548,509.6592782083805,5000.0,21.925800418022163,1628.5275830396313,4147.002043956431,4.171875142293521,0.2200654612129705,125,0.28436169907791714,36,0.022318660880347178,72,0.044637321760694355,284.22814631122134,283.01301921884686,223.83578320395836,160.18030846509492,1363.0,743.0,50.0,3.669403364901443,user12,session_0126772600,test,1
596,137.802000046,15271.003909926674,191.35118380028237,617.1236196980619,5000.0,0.0,39139.709033714724,346726.71317419637,2.744934914993581,0.08783252618079178,133,0.9651529002162739,1,0.0016778523489932886,53,0.08892617449664429,831.7097315436241,508.62080536912754,358.8301927085506,154.4258996761193,1143.0,653.0,20.91486382030042,4.325046079164656,user12,session_0166199610,test,0
1425,644.641000032,55996.753124079245,233.32536202534843,663.9493749624021,5000.0,13.888883777006763,2392.271928890664,6667.889229575577,3.8419384229332043,0.14803583691007877,89,0.13806133956044067,14,0.009824561403508772,103,0.07228070175438596,301.84491228070175,294.9424561403509,214.1267947208513,161.93796339879557,1354.0,681.0,50.0,2.210532683973348,user12,session_0170625567,test,1
685,363.464999914,26984.263125921592,266.15641154068743,634.459330938496,5000.0,37.2409298964816,2608.1450203354293,6291.900023097881,4.48238028748706,0.13206173341487984,59,0.16232649639981864,39,0.05693430656934306,45,0.06569343065693431,600.0978102189781,335.91678832116787,350.6072143891902,159.4403051362821,1329.0,933.0,46.11993038627404,1.8846381361673858,user12,session_0172860263,test,1
788,626.059999943,28592.45859466084,245.5525756366275,660.1085089698521,5000.0,25.000023828152344,2619.3519948399867,7060.220805601089,5.354362131150719,0.2719280436614479,55,0.08785100470403397,4,0.005076142131979695,77,0.09771573604060914,231.96954314720813,259.9060913705584,210.71284973453132,160.72802542969242,1361.0,764.0,50.0,1.258665303759614,user12,session_0172989910,test,1
923,243.958999872,38599.14231312509,215.17062458379257,589.0650790702991,5000.0,4.017652188660265,1956.5609605573684,5921.497284321189,2.824321373100804,0.13081584901631818,35,0.14346673014057174,6,0.0065005417118093175,56,0.06067172264355363,859.3596966413868,604.8407367280606,428.24923888799947,250.15365253949275,1912.0,1079.0,50.0,3.7834226262785062,user12,session_0195566274,test,0
1721,746.298000097,104222.4980188042,299.43169685516926,901.4421101620657,6867.469757878625,41.45547454432196,2326.0122491877096,6943.615037685348,4.4161709667341675,0.18699454775617189,75,0.1004960484823112,231,0.13422428820453225,80,0.046484601975595584,659.1336432306798,406.9860546194073,377.1215947746588,193.30319248273668,1310.0,732.0,50.0,2.3060493258407675,user12,session_0611188910,test,0
1193,525.167000055,53224.117247512746,214.358460556157,595.3386820437137,5000.0,17.746581531746628,1720.7821471713044,4426.490176833483,4.013128190329451,0.17027534596726718,106,0.2018405573634649,23,0.019279128248113998,100,0.08382229673093043,275.11316010058675,286.3629505448449,249.385650726091,154.17092580782327,1150.0,689.0,50.0,2.2716583484397512,user12,session_0718520474,test,1
868,291.373999834,75073.31556588311,378.63930375407796,953.1796160600762,6516.58355707931,34.51398920168275,3259.0382806420507,9253.313463593728,3.572047051803151,0.1438663718466129,28,0.09609642595410711,6,0.0069124423963133645,76,0.08755760368663594,397.2315668202765,525.4389400921659,281.04946359357973,311.40211946037175,1220.0,1072.0,50.0,2.9789892045773203,user12,session_0831009063,test,0
2013,740.006999969,120938.36519526422,260.72349778303607,685.8628732916578,5083.519316480362,28.846128605794377,2069.2896730706343,5850.041222901222,3.3286040843978943,0.16935583394341228,77,0.10405306977261788,191,0.09488325881768504,173,0.08594138102334824,498.9244908097367,411.6880278191754,332.8825103055097,193.1052104602407,1336.0,767.0,50.0,2.720244538341296,user12,session_0893120027,test,0
465,98.2750000954,17066.745207005708,305.1631166254238,626.6362203779985,5000.0,64.9648521447936,2409.968823664911,5310.039576535074,4.71512863129987,0.18904936132271108,23,0.23403714044948212,56,0.12043010752688173,24,0.05161290322580645,405.294623655914,382.2494623655914,231.86826780151273,191.41777665780023,1041.0,751.0,50.0,4.731620448217791,user12,session_1178629549,test,0
386,193.947000027,34476.13675026622,398.82175892460396,849.9301030675857,5000.0,48.11213422978946,2624.1402178266476,6262.325398526532,4.031938811901212,0.11895605919323064,29,0.14952538578045968,5,0.012953367875647668,13,0.03367875647668394,626.0440414507772,480.55440414507774,413.4237669054907,300.4936170963005,1590.0,1067.0,41.64725815615817,1.9902344452157736,user12,session_1196335015,test,1
1276,624.859000206,95092.09616834566,399.0960645884635,844.5470521533265,5000.0,66.86782332729663,3297.5318744714295,7600.917029876663,3.8745794666197626,0.14217770808305213,86,0.13763104951940838,85,0.06661442006269593,62,0.048589341692789965,698.0564263322884,529.3448275862069,365.8889083918233,252.9161036993889,1602.0,1079.0,50.0,2.0420606882181986,user12,session_1656689994,test,1
848,291.119999886,31849.566118337378,266.4178390386587,606.3379918639107,5000.0,60.24875231189799,2216.3463840036256,5998.15860039673,3.9612364881432995,0.1698957939518333,33,0.11335531743927764,68,0.08018867924528301,54,0.06367924528301887,752.6084905660377,574.497641509434,260.9058690666452,215.94921020365706,1486.0,1056.0,50.0,2.912888157227498,user12,session_1843905203,test,0
694,270.407999992,33346.1475713222,289.1087703463376,652.3093997473369,5000.0,28.398171051115277,2766.3563085621727,6753.557582436542,4.754669292634949,0.16427961544942019,64,0.23667938819078368,4,0.005763688760806916,44,0.06340057636887608,358.6628242074928,282.6008645533141,189.3581667028461,183.67503944382747,1315.0,767.0,50.0,2.5664921156938107,user12,session_1928096865,test,1
1203,308.584000111,99598.83633770325,344.8572956158193,846.3714889263942,5313.419281804178,38.92323549478937,3254.410895064223,8770.9883700032,4.114102460844796,0.0935592863167084,72,0.2333238274638382,35,0.029093931837073983,16,0.013300083125519535,380.785536159601,318.8246051537822,251.97094401780853,207.003359895581,1449.0,896.0,50.0,3.8984522838749633,user12,session_2116060291,test,1
1715,91.6319999695,15277.787418462616,67.30464791670785,481.73671449073225,5000.0,0.0,26159.022917092123,217954.97722367768,2.2270791225219884,0.23302313118158982,21,0.2291775799610389,388,0.2262390670553936,22,0.01282798833819242,254.36501457725947,441.32711370262393,111.36191878287077,123.77056419359552,590.0,660.0,36.57317324040757,18.71616903015151,user12,session_2177337196,test,1
621,282.483999968,14899.930443825684,123.06881552556831,282.89774774172395,2345.13993403279,10.802259868507932,1078.4563806243373,2431.4523677817206,3.4870824962113067,0.21688366397259248,61,0.2159414338755828,1,0.001610305958132045,68,0.10950080515297907,452.8164251207729,348.40579710144925,205.7872494892745,163.92556207566676,1180.0,789.0,26.453887898383833,2.198354597323556,user12,session_2726751248,test,1
880,852.678000212,72708.99271137116,345.6104797341458,1220.4988902146304,7951.435332003305,9.881587497962705,14188.941395446309,109887.11179401324,3.743352765258824,0.10236419619508798,27,0.03166494267858093,20,0.022727272727272728,27,0.03068181818181818,344.10795454545456,291.03636363636366,292.59138911337965,203.23840872444856,1456.0,894.0,50.0,1.0320425761907859,user12,session_2923450227,test,1
2447,514.654999971,93214.37253398375,234.02308451920712,591.7436788949244,5000.0,10.18050844654927,2002.4390882033292,5282.37327482461,2.9421980958130134,0.1462501405167273,79,0.15350088895367095,112,0.04577033101757254,116,0.047404985696771554,596.9930527176134,553.3935431140171,419.64006346223715,290.2572293777418,1909.0,1079.0,50.0,4.754641459109276,user12,session_3226676976,test,0
1797,1494.94099998,297137.5703183311,388.95071752820166,1141.664261815336,8949.62231242183,46.72902694565043,3901.1399315216754,12643.141978932224,3.9542474765322244,0.15828636335995064,75,0.050169204002702035,49,0.027267668336115748,112,0.06232609905397885,879.1903171953255,473.0050083472454,1563.6493938894578,1561.042636867245,65535.0,65535.0,50.0,1.2020541279047408,user12,session_3230049516,test,0
732,508.19299984,27490.514025797384,319.25060544692315,1220.1347297588945,11067.466142784757,38.80065830107043,30863.750453944613,252585.7358293069,4.570085347315984,0.14985380282449393,32,0.06296820304505357,17,0.023224043715846996,42,0.05737704918032787,567.3292349726776,300.6666666666667,161.936585747378,177.8316679986522,859.0,735.0,50.0,1.4403976446556006,user12,session_3267760096,test,0
637,150.427999973,231251.82773218476,565.758659766053,1241.3613015686224,7160.296558110184,89.5349626695099,5325.778985231346,12195.279024836536,8.05967610193026,0.2554441706936512,34,0.2260217513102786,52,0.08163265306122448,26,0.04081632653061224,918.5698587127158,986.5682888540032,5154.763236597718,5147.280566779294,65535.0,65535.0,50.0,4.234583987783749,user12,session_3315925736,test,1
2499,582.387999773,123737.46022562405,350.4954506475686,711.2376182960825,5000.0,62.47131155587087,2829.381847123347,6353.705135485428,4.545348910848811,0.20205058166807646,104,0.17857510807320298,121,0.04841936774709884,134,0.053621448579431776,618.4521808723489,392.6514605842337,310.55951020980035,139.07481300277544,1363.0,767.0,50.0,4.290953798797445,user12,session_3360873587,test,0
1784,1980.17499995,154833.45050703324,425.22594403412876,1211.5212876956643,8145.967518410508,47.668550397433336,3908.6115558240144,11475.913500616427,4.719043945741187,0.14708537425827056,109,0.05504563990695382,28,0.01569506726457399,83,0.04652466367713005,433.94002242152465,341.2679372197309,273.8994237407561,186.99775196673022,1599.0,883.0,50.0,0.900930473339501,user12,session_3387344935,test,1
1208,824.965999842,65530.42834915433,357.06599711866903,795.7576308436786,5560.262790171773,52.730280775899104,4059.4413616692145,14749.018629049284,4.059313592506931,0.16399152647425538,56,0.06788158543591528,21,0.0173841059602649,85,0.07036423841059603,636.4776490066225,474.2201986754967,263.11165751804236,307.2829609395951,1915.0,1079.0,50.0,1.4643027715461727,user12,session_3487526409,test,0
1415,323.737999916,59704.730699132306,277.13569097367156,847.7350591962771,7015.779845676355,33.19502942443097,8974.042185896438,65561.06175648478,4.429170361287128,0.18933368109048931,55,0.16989046702664132,56,0.039575971731448764,97,0.0685512367491166,570.0904593639576,402.347703180212,292.284563756256,122.58492691581492,1278.0,737.0,50.0,4.370818378958135,user12,session_3571551367,test,0
1828,480.335000038,84348.6620403822,272.7795302405604,652.9018568423907,5000.0,43.47825718336584,2536.275648419069,7242.452757281856,4.282558973977666,0.18730961766164647,71,0.14781350514616484,211,0.11542669584245077,113,0.06181619256017506,608.6356673960613,384.07986870897156,300.2764110254555,176.38522729177134,1350.0,755.0,50.0,3.805677287425202,user12,session_3657391768,test,0
1312,275.267999887,64052.27047167646,240.44269761246306,639.4541421893125,5000.0,8.146674327757118,2059.3594362767835,5658.836127708886,2.9705433287374245,0.13809623323838854,44,0.1598442246031591,22,0.01676829268292683,56,0.042682926829268296,466.2766768292683,487.2926829268293,314.34716601688314,235.10298246602727,1537.0,1073.0,50.0,4.7662641518032896,user12,session_3678562948,test,0
1699,354.154999971,58103.85223804992,210.51633814756073,584.9272952654678,5000.0,21.75711264950305,1833.0262104668918,5080.085493885459,4.819090378062112,0.2087042006153626,162,0.4574268329213632,10,0.005885815185403178,92,0.05414949970570924,190.67392583872865,405.78987639788113,190.04237540428164,150.81175714438336,963.0,752.0,50.0,4.797334500823433,user12,session_3683562482,test,1
886,329.251999855,55937.83540313495,291.02568968383133,816.2259127286594,5884.189452452557,35.40474794595748,2612.1637823260544,8277.11707024959,4.111185472167541,0.1750298427954608,27,0.08200405771837556,2,0.002257336343115124,55,0.062076749435665914,480.8487584650113,511.86004514672686,307.194540274934,142.61551426924228,1262.0,767.0,50.0,2.690947968091879,user12,session_3807007352,test,0
1716,440.589000225,109501.96620893458,384.4849635419048,1484.216034232502,12073.980774584708,16.635252834976047,95505.39721146549,819129.9939665255,4.120862350864338,0.1462372877566723,72,0.1634176068018744,48,0.027972027972027972,111,0.06468531468531469,979.5810023310023,434.2855477855478,352.1357442181627,248.01663877408703,1713.0,1079.0,50.0,3.894786295444673,user12,session_3958419196,test,0
5405,291.169999838,56202.73748967613,71.4925360061446,516.515777801142,5000.0,0.0,26154.26090307812,233603.5009875201,1.814132010634257,0.1693990284345299,69,0.2369749632118348,364,0.06734505087881591,60,0.011100832562442183,357.0005550416281,402.6575393154487,203.38417693316978,200.84621180565648,1026.0,799.0,50.0,18.56303878492706,user12,session_4066543084,test,1
1514,478.528000116,89627.27791932735,244.28842989361777,618.0570757731282,5000.0,17.99390722755266,1915.2681873335857,4836.252125740335,3.828908656602296,0.12003696339523927,68,0.14210244747123704,54,0.035667107001321,34,0.022457067371202115,884.2311756935271,498.02509907529725,425.58794065815187,258.19601299732835,1876.0,1079.0,50.0,3.163869198109601,user12,session_4091639526,test,1
178,41.5690000057,4271.137787965907,166.07571224434082,434.9857005784115,5000.0,33.256904517974604,1692.5853383791593,6315.272081873725,4.557166321380348,0.18410987140159507,15,0.36084582255871395,8,0.0449438202247191,6,0.033707865168539325,251.25280898876406,317.74719101123594,134.92223379730993,156.3882901896724,619.0,658.0,17.57133600291608,4.282037094363405,user12,session_4157921188,test,1
366,371.934000015,24802.936315632036,437.07299700716896,982.1818673443821,6440.59336576816,56.346612147933165,11906.574794943164,63171.09088063551,7.15591227671219,0.1238829542889338,26,0.06990487559338869,2,0.00546448087431694,25,0.06830601092896176,471.29234972677597,342.59016393442624,365.3433128104107,237.17452405747727,1363.0,767.0,33.869631989942484,0.98404555643001,user12,session_4383618618,test,1
924,586.136000156,39695.86506880623,254.27395516514747,609.4926429743131,5000.0,33.889060928510716,2154.225142524567,5882.684836132805,3.1357077161203577,0.14140503415591632,31,0.052888749354670854,0,0.0,59,0.06385281385281386,1084.2662337662337,494.8387445887446,290.21866173858706,251.34021905145178,1568.0,1042.0,50.0,1.5764259485069634,user12,session_4414280148,test,0
1681,2326.26900005,101845.8023786952,313.5993031189757,867.2160007587487,6350.715605957694,18.34863058663335,3531.8341200210643,11172.357316664888,4.76194893427993,0.20929366932491883,105,0.04513665444440998,19,0.011302795954788817,103,0.06127305175490779,577.291493158834,363.7995240928019,385.90167077245405,243.87920682908356,1587.0,899.0,50.0,0.7226163440100303,user12,session_4498932663,test,1
772,830.104000092,45062.63003223673,358.9192121943028,865.045506163008,5283.18123445479,25.677000736878696,4060.373052716406,10098.632204280444,7.35098188735795,0.26379978302653,74,0.08914545646304393,20,0.025906735751295335,53,0.06865284974093264,351.56865284974094,415.90284974093265,270.8183097373108,336.54173122079175,1252.0,1079.0,50.0,0.9300039512090529,user12,session_4876159319,test,1
254,68.0160000324,7486.221671781734,228.02313770719232,741.5199979820825,6259.047132172993,25.738991010939174,6756.653084827585,48359.806034811256,2.5249199774158173,0.16313477977334645,12,0.17642907542760083,48,0.1889763779527559,17,0.06692913385826772,491.68110236220474,556.7834645669292,226.76272331436223,209.59304715853133,1157.0,725.0,21.006011689693178,3.7344154298842174,user12,session_4905082660,test,0
1274,1217.37799978,259988.48835375486,238.12321397130734,618.7124367001512,5000.0,7.022798901913822,2020.6855135522692,5370.963368741609,3.493397063063025,0.15535864156897997,78,0.06407212879984349,89,0.06985871271585557,32,0.02511773940345369,874.4513343799058,635.5690737833595,1886.4061279902983,1846.1644012393328,65535.0,65535.0,50.0,1.0465114370641104,user12,session_4970622399,test,1
1685,371.553999901,82554.49792319853,334.0610287234864,737.0367828143283,5000.0,44.3344431784659,2784.3347200890903,6638.595586298995,3.474100187306717,0.1474183841210895,85,0.22876890040922213,51,0.030267062314540058,129,0.07655786350148368,860.5080118694362,348.50682492581603,481.84024290259055,235.02134785978438,1816.0,998.0,50.0,4.535007025759286,user12,session_5035500864,test,0
1511,1037.58200002,267514.1549147577,406.23561249428946,976.0819613030402,6052.345461481467,52.43763649888719,3989.9407677850804,10362.060043065865,7.795320886652073,0.2525942757042459,95,0.09155902858585521,260,0.17207147584381205,80,0.05294506949040371,691.4030443414957,572.874917273329,1730.5742165260162,1703.5346011525805,65535.0,65535.0,50.0,1.456270444139234,user12,session_5046103917,test,1
528,148.5,29110.84749961215,487.3018599184699,1249.7084583857709,9603.728492812035,63.61045065306042,83400.17306364795,731147.1177957944,4.57473766430259,0.14571951515753193,25,0.16835016835016836,13,0.02462121212121212,28,0.05303030303030303,800.1799242424242,393.90909090909093,336.98407866488077,210.824349473349,1487.0,1042.0,36.22898921568386,3.5555555555555554,user12,session_5052301661,test,0
973,233.322000027,89248.73981485516,428.68748287163555,1177.264539056163,8059.986791453154,60.084812690141746,3455.234478398031,11330.62637181092,4.748568455385615,0.19176088753018053,20,0.08571844917189807,6,0.006166495375128468,51,0.052415210688591986,607.191161356629,499.8386433710175,248.294351161917,218.29237592232116,1335.0,799.0,50.0,4.170202552212841,user12,session_5088690608,test,0
2069,1432.95200014,289912.0698327825,300.6814456446448,686.609029693193,5000.0,40.55172441109062,2521.768979268793,6340.278960197261,3.7317216494648253,0.16875246602075034,84,0.05862024686925533,98,0.04736587723537941,99,0.047849202513291444,767.8540357660705,515.52779120348,1476.6870530905924,1454.161062726581,65535.0,65535.0,50.0,1.443872509196301,user12,session_5256432882,test,0
1668,323.752000093,67848.73486807174,289.7380847257244,678.0536333414772,5000.0,65.3072864833499,2493.0971688965583,6337.066667368274,4.670637168099956,0.13078780090824366,72,0.22239244847697467,66,0.039568345323741004,60,0.03597122302158273,573.8818944844124,536.1618705035971,438.08324922699046,159.66225655972818,1919.0,1075.0,50.0,5.152091723049913,user12,session_5269540222,test,1
1036,331.765000105,64491.55190890103,396.98534596812806,984.2226697410448,6850.06960584718,38.76199913788276,4415.637155285341,12134.660947690207,5.249622672224515,0.13315515468470354,81,0.2441487196490419,0,0.0,36,0.03474903474903475,339.3532818532818,294.7239382239382,246.17995204961633,167.5514343016875,1363.0,767.0,50.0,3.122692266128486,user12,session_5346999982,test,1
822,1193.44499993,234590.78121118297,411.22724554746355,892.1307767972976,5097.968049694179,47.41608248270545,3867.8815260591646,8826.310241397525,6.865450218478463,0.20729888815596642,59,0.04943671472372885,25,0.030413625304136254,51,0.06204379562043796,400.3953771289538,469.32603406326035,2285.1257953849677,2292.165951902955,65535.0,65535.0,50.0,0.6887623644560188,user12,session_5352520893,test,1
797,731.718000174,41887.09513844113,197.13095517208433,489.33176252843816,5000.0,14.388495523011624,1633.032802869782,3854.6711970594556,3.6195705626569796,0.18474674998196874,49,0.06696568895168353,2,0.002509410288582183,52,0.06524466750313676,305.5357590966123,330.20326223337514,201.6711158879716,197.79715598048313,1112.0,1056.0,50.0,1.089217430499832,user12,session_5466872812,test,1
5038,261.523999929,64378.43697665818,66.82615582158317,473.1907189709104,5000.0,0.0,24902.705552286174,214815.0824427031,1.8266011017753894,0.20447999418772633,77,0.29442804492476554,71,0.01409289400555776,38,0.007542675664946407,364.81718936085747,404.6478761413259,213.81680126908572,191.10695342105024,1279.0,799.0,50.0,19.264006367934662,user15,session_0003960194,test,1
1617,351.414000034,41119.61245850175,172.24461906832354,445.74292228128195,5000.0,24.810763671789832,1451.8711099356249,3781.168529772274,4.276406397383525,0.20448933545369616,131,0.37277968432482905,15,0.00927643784786642,79,0.04885590599876314,202.76747062461348,321.3290043290043,150.21782980618508,117.74462887861584,991.0,635.0,50.0,4.601410301933195,user15,session_0128859274,test,1
1053,531.529999971,63458.2490683615,437.3553014960348,1119.931728242209,7220.3035412188865,55.00900785213469,4916.926626845229,13005.1145234206,8.216850177147826,0.22899850773770505,64,0.12040712660337478,185,0.17568850902184235,49,0.04653371320037987,337.05128205128204,456.27920227920225,304.1870128925926,328.4736736656048,1590.0,1079.0,50.0,1.9810735048961507,user15,session_0280517098,test,1
1350,1170.61500001,70340.24889485177,236.3008626351641,547.1035700338197,5000.0,32.57820734962232,1828.8417946479797,4355.210067638906,3.459986496878096,0.1856071563855758,78,0.06663164234127676,21,0.015555555555555555,81,0.06,499.4948148148148,279.52,350.3054067965759,205.63554768799804,1416.0,841.0,50.0,1.1532399635990207,user15,session_0305187451,test,1
1319,794.688999891,86254.6448539108,481.34349446270875,991.6424821497468,5982.694389495603,86.5103529622452,4824.780053193981,10608.870105335365,5.186589360476033,0.1001906687348426,83,0.10444337345978658,232,0.17589082638362397,64,0.04852160727824109,752.8673237300985,507.3843821076573,541.3580754393889,270.9702094593979,1919.0,1079.0,50.0,1.6597687902826324,user15,session_0326724732,test,1
1254,280.367999792,60340.843583841386,340.5582123285286,621.4094800862551,5000.0,68.20755368617509,3046.668984728028,6558.811895719232,4.893905374645926,0.12586221192887248,68,0.24253837831153338,80,0.06379585326953748,26,0.02073365231259968,484.140350877193,542.1148325358852,309.06339382597344,193.06429188580827,1505.0,1076.0,50.0,4.472693035333277,user15,session_0510406466,test,0
647,657.757999897,395800.8759838537,286.73842762387335,666.9476539891889,5000.0,40.32255690686639,8993.483331920688,65223.47809741475,4.071278671328514,0.1612787074327475,42,0.06385327127389843,4,0.0061823802163833074,43,0.06646058732612056,559.9783616692426,505.86707882534773,3626.7232145661255,3628.8219507309072,65535.0,65535.0,50.0,0.9836444408145782,user15,session_0612796637,test,1
935,1318.86500001,64731.06894222474,353.2915849461104,967.6760534792598,6235.99505621689,14.472931190632607,4594.427469973244,15955.379075915047,4.342777717884764,0.10673302880641317,83,0.06293290063757145,1,0.0010695187165775401,55,0.058823529411764705,432.1593582887701,322.1144385026738,387.0010502666765,280.6103525768771,1919.0,1079.0,50.0,0.7089429168208351,user15,session_0647531474,test,1
1372,917.563999891,298270.3348573121,590.1441996084634,1289.5160115316876,8108.509037748463,86.07024623850683,5509.241453816548,12872.699246194594,5.916435639045597,0.17277255313455742,66,0.07192958748146214,36,0.026239067055393587,72,0.052478134110787174,544.8119533527697,606.1100583090379,1802.603311026818,1798.0453753133634,65535.0,65535.0,50.0,1.4952635458267585,user15,session_0719528275,test,1
1388,391.423999786,54963.21100550037,248.03829202501848,606.9643827594971,5000.0,34.7761432519175,2255.6246278532058,6082.600660197638,2.996428345112014,0.09864682948804872,125,0.3193467954656337,25,0.018011527377521614,41,0.029538904899135448,524.1822766570605,494.0158501440922,376.131878807462,255.4657897954276,1908.0,1042.0,50.0,3.5460268168503966,user15,session_0797370695,test,0
1767,1316.48599982,438739.1067608326,285.9222071883142,665.5573701452639,5000.0,45.93718722772826,2132.7530594258556,5610.549438157908,3.7634337748654056,0.1558938721214115,103,0.0782385836340705,76,0.043010752688172046,111,0.06281833616298811,582.0752688172043,486.0220713073005,2215.3058884712987,2201.0329771624843,65532.0,65535.0,50.0,1.3422094881689572,user15,session_0861337889,test,1
1136,266.67200017,32703.390046255692,187.08147820217894,631.6786838965016,5000.0,0.0,1424.8819024248562,4974.132637702794,1.4232215139020892,0.03396034224457413,350,1.3124737496883043,1,0.0008802816901408451,54,0.04753521126760563,300.0801056338028,301.68045774647885,477.1968920201023,346.56253195012954,1919.0,1079.0,50.0,4.259914798988325,user15,session_0864574884,test,0
1194,377.921000004,84092.1531710248,503.80240732579176,1284.004513579986,9884.434354428733,90.26328002429784,4563.6716847366915,13613.089398181724,4.758373581041812,0.109349300765065,65,0.17199361771193458,63,0.052763819095477386,33,0.02763819095477387,955.0150753768844,592.7814070351759,447.78744857573236,272.8261361059974,1919.0,1079.0,50.0,3.159390454585383,user15,session_1016856509,test,0
1611,2360.55500007,197530.47221963044,484.3286407918155,1302.0751323431487,7280.423233169241,25.923582110565196,4522.871302097288,12695.89744557651,4.377289466196185,0.0746923610914429,94,0.03982114375526625,9,0.00558659217877095,47,0.029174425822470516,433.02048417132215,359.14525139664806,249.33914682444936,242.28089033311,1679.0,1049.0,50.0,0.6824666232950418,user15,session_1149922141,test,1
174,31.1699998379,5501.870930343124,268.82116258232185,565.4747500780359,5000.0,46.94818698960026,2286.2135580200784,5025.303361889737,3.6117108018126713,0.15122839942631705,11,0.3529034346232161,13,0.07471264367816093,9,0.05172413793103448,420.264367816092,302.3390804597701,245.24405490994712,112.91776623763657,1090.0,429.0,5.932398591066305,5.582290693130873,user15,session_1316321566,test,1
549,159.626000166,28738.03521382443,338.4460309242836,840.8085729286408,6553.950791758852,55.53286514020515,4842.994483204594,21301.901578827652,4.439053337773334,0.08391587099691702,31,0.194203951535227,70,0.12750455373406194,13,0.023679417122040074,608.7449908925319,391.1530054644809,276.7426810125674,175.15813057689206,1820.0,1052.0,50.0,3.439289335252891,user15,session_1324126678,test,0
1136,396.106000185,63766.03406821574,480.19653827032107,1505.102495896007,13140.284071831435,72.03075740640304,8383.58227552239,46232.07462739082,3.727937255549309,0.09108387468987922,63,0.1590483354722626,32,0.028169014084507043,25,0.022007042253521125,569.6029929577464,416.3917253521127,347.67120518694736,191.63983905714576,1850.0,1075.0,50.0,2.867919192007783,user15,session_1567411744,test,0
5656,965.180999994,40640.96558114789,27.940211463224863,313.42220630289813,5000.0,0.0,44.236331758317064,227.67955119572414,0.6970135870429357,0.1836129070375445,51,0.05283983004256926,3,0.0005304101838755304,74,0.013083451202263084,389.0449080622348,389.6152758132956,250.17158482847,188.28227057046715,1275.0,722.0,50.0,5.860040759230818,user15,session_1618522149,test,1
727,535.950000048,23515.230327846835,213.657712624447,612.0752669197261,5000.0,17.647050934258754,29734.455802193825,251251.62469152416,4.576279928978381,0.15823212118425203,42,0.07836551916454605,156,0.21458046767537828,40,0.055020632737276476,322.54883081155435,368.1939477303989,139.43460218754387,209.28377025523312,621.0,767.0,50.0,1.3564698198244043,user15,session_1649882646,test,1
1967,1056.7420001,127127.12930766423,369.69976543955426,924.4845857256611,6064.1454001240945,30.70174691358774,3624.3541322198944,9465.781493262262,4.394479547861725,0.1507996317396455,87,0.08232851537250072,32,0.01626842907981698,122,0.062023385866802234,448.2536858159634,370.5017793594306,406.9900558989115,278.5211671694459,1919.0,1079.0,50.0,1.8613814912380333,user15,session_1750509621,test,1
803,849.077000141,22581.609618003495,218.81045410507585,518.0452609015357,5000.0,28.19458235630107,1893.6393195073558,4973.667898260951,2.93660265989531,0.08840736822094487,88,0.10364195471716521,4,0.0049813200498132005,55,0.0684931506849315,216.63138231631382,360.81693648816935,168.08529663268226,247.79893428442838,828.0,1052.0,23.842543072983595,0.9457328367941326,user15,session_1824070206,test,0
689,1193.35000014,42545.23479848638,318.4508115755135,709.9876948625782,5000.0,49.214046989150404,2516.183779370629,5845.780642211423,3.782042890875679,0.13781382020434696,48,0.0402229019100589,11,0.015965166908563134,26,0.03773584905660377,544.7866473149492,359.22931785195937,249.44006957547688,172.42984656970336,1388.0,813.0,50.0,0.5773662378339706,user15,session_1854610785,test,1
438,60.9660000801,14019.327356331169,251.90947778178892,690.0871344409358,5000.0,38.68763750257921,2278.9274386854227,6856.01573337908,3.7760492646305206,0.12995509763411037,37,0.6068956459565603,33,0.07534246575342465,7,0.01598173515981735,284.6415525114155,363.64383561643837,217.90973255398427,252.2132712286992,1526.0,1079.0,34.15965524621439,7.184332241323606,user15,session_1876247964,test,0
1504,359.050000191,44586.827482949186,193.43543735428992,496.2219474145443,5000.0,23.68265225111349,1493.376927886952,4020.8217035133516,3.991603584250381,0.21758424191549514,112,0.31193427082696157,22,0.014627659574468085,64,0.0425531914893617,290.73936170212767,294.0126329787234,249.08832816773926,143.4522571212083,980.0,745.0,50.0,4.188831636819199,user15,session_1968614536,test,1
273,208.321000099,24528.48606640524,908.8431998334565,3543.330548201218,29467.166188380124,124.63322164363575,16831.772701152724,86406.5515295782,3.775418597031095,0.06121602745642607,15,0.07200426261813056,0,0.0,3,0.01098901098901099,630.8827838827839,653.5274725274726,433.0782527148811,330.0267371296251,1792.0,1079.0,29.551917424605566,1.3104775796499764,user15,session_2099251918,test,0
624,1257.03200006,234864.9201850811,555.7824781417349,1190.2751527278958,6919.257886072845,77.84348574458002,5588.013441670716,12961.043756117462,7.404893023185959,0.1998528494321023,31,0.02466126558315168,84,0.1346153846153846,39,0.0625,718.5384615384615,691.625,2628.11056307467,2623.4620486651825,65535.0,65535.0,50.0,0.49640741044795644,user15,session_2203453961,test,1
516,100.853999853,14052.072098677592,181.56581346447464,348.8204383142225,2674.4763080719563,23.68986396301179,1495.436275967373,3177.945653145225,5.22947040225983,0.3209047175563126,42,0.41644357250299646,16,0.031007751937984496,25,0.04844961240310078,379.80426356589146,247.5581395348837,205.69317913570143,99.76992227084276,937.0,538.0,31.429475541732575,5.116306747893956,user15,session_2375808482,test,1
821,688.073000193,42541.40592982199,334.9475927490743,872.6453273533167,5839.035858966493,20.032835841809923,2959.7481906139456,8084.3275426416,3.0677041248150916,0.0939255095527657,102,0.1482400849494017,0,0.0,53,0.06455542021924482,750.305724725944,537.6382460414129,651.9318480233862,334.9231756815691,1862.0,1068.0,50.0,1.1931873504260666,user15,session_2613999059,test,0
249,99.6970000267,5396.749782514149,144.19838430547253,522.3375865683983,5000.0,11.92842892782472,1247.3674566833818,3591.2045293154138,4.689169174111871,0.2899678019652287,18,0.1805470575361284,0,0.0,9,0.03614457831325301,167.710843373494,265.8835341365462,118.06807052335715,97.78992507167612,592.0,462.0,29.975913499657924,2.4975676292497764,user15,session_2694965772,test,1
574,331.99000001,18114.510106412294,192.25846396486187,413.0245245229411,3491.9054812385584,25.57561262007406,1361.8133330097887,3042.2163161389544,3.421407722960854,0.22554114959272636,18,0.05421850055561256,13,0.02264808362369338,33,0.05749128919860627,354.70557491289196,279.1864111498258,202.45836079839543,117.07080131306,976.0,541.0,50.0,1.7289677399400893,user15,session_2730276507,test,1
1412,2425.79699993,88891.80704349992,458.6214547376057,930.7058297540499,5531.478437207734,81.48060897455096,3715.2185582103966,8194.689207339243,4.286582315204147,0.12636699588842024,108,0.04452145006491331,34,0.024079320113314446,81,0.05736543909348442,585.1614730878186,384.49079320113316,305.4605394567807,198.7131400643633,1500.0,1079.0,50.0,0.5820767360338666,user15,session_2931074825,test,1
3925,369.834000111,28605.586508338114,28.0895629883292,306.338113050256,5000.0,0.0,47.02691062320687,240.6676325084972,0.9234706498824098,0.1800977954825436,44,0.11897229564289404,10,0.0025477707006369425,62,0.015796178343949044,498.94980891719746,351.97019108280256,362.8558020855179,161.42166996168874,1341.0,609.0,50.0,10.612869554508162,user15,session_2953697423,test,1
1485,1156.97000003,56989.4843156981,423.6812105159024,2153.616634470317,19925.523900927015,19.48054351496143,45590.59126559898,368636.0655462618,4.8064019002179705,0.2380266476581683,101,0.08729699127668054,66,0.044444444444444446,90,0.06060606060606061,461.7845117845118,341.8976430976431,253.8187574230711,152.46851215233036,1363.0,734.0,50.0,1.2835250697610951,user15,session_3014121416,test,1
2251,513.1650002,260987.1060481014,456.45533139868354,1456.752569286643,8713.022763134699,31.94382246968998,4054.6591043929075,13312.26162380769,4.406132009493445,0.12027754758195058,108,0.21045862433702273,154,0.06841403820524211,62,0.027543314082629944,714.2163482896491,458.491337183474,293.76271425033804,207.81434725476066,1599.0,885.0,50.0,4.386503364654057,user15,session_3051589624,test,1
1573,632.853999853,132660.63590691617,482.9541975398298,1116.3144565128946,7306.07722294808,56.91061259834592,4398.502803063361,11433.804341987836,4.76727172965355,0.14485636745707256,96,0.15169375562499246,75,0.04767959313413859,108,0.06865861411315957,716.928798474253,441.0470438652257,347.93445577056536,211.17699744188815,1618.0,1078.0,50.0,2.485565391647012,user15,session_3077149461,test,1
241,55.8959999084,5362.730378204098,169.42841106299988,389.4892355676331,5000.0,62.86185345793773,1136.560451031916,2524.775451282311,2.740080226537587,0.10511086625247348,17,0.30413625353976814,0,0.0,3,0.012448132780082987,532.1369294605809,391.9004149377593,169.8749353854157,185.19309303578373,674.0,562.0,9.237508031789412,4.311578653122596,user15,session_3102058551,test,0
1876,815.146000147,43400.528467291355,145.37269616134736,328.9977078383528,5000.0,26.791014048930723,910.3052509253246,1973.5959075862536,3.1570205430732,0.19266199511155357,98,0.12022386171597124,49,0.026119402985074626,72,0.03837953091684435,332.35714285714283,307.4003198294243,218.1006088504853,196.08229341757925,1342.0,717.0,50.0,2.3014282099914496,user15,session_3155649031,test,1
554,153.364000082,17456.360713539114,273.09407126013946,619.4700882706944,5000.0,46.54423767110253,4817.263706456947,21627.2723516874,3.9000550193028003,0.10813478725436315,28,0.18257218111831383,4,0.007220216606498195,13,0.023465703971119134,403.06859205776175,459.0469314079422,181.5221724310561,178.24663805499526,844.0,1001.0,23.84619348120118,3.612321012126638,user15,session_3343831517,test,0
1336,253.496999979,64690.57496867153,511.5845146303767,2378.582387045399,22063.736774337332,43.1047854999057,73349.44247740977,635273.0399280619,3.911727464632146,0.09087144088189986,72,0.2840270299292085,84,0.06287425149700598,22,0.016467065868263474,977.9109281437126,569.3188622754491,532.5764740152288,238.26878437280632,1919.0,1052.0,50.0,5.270279333130869,user15,session_3393326634,test,0
1325,823.229000092,37835.960777723274,157.75450771103147,498.79436818902235,5000.0,12.357206232734168,1695.539085155004,5763.420776689434,4.1955551066609,0.23296664436415648,113,0.13726435777574852,73,0.05509433962264151,89,0.06716981132075471,431.1501886792453,386.3637735849057,191.76466473473522,176.7618489794432,1104.0,878.0,50.0,1.609515699582892,user15,session_3603344105,test,1
417,88.9289999008,17751.779991116742,283.568987799886,566.9374691888526,5000.0,56.664858347915725,2712.871588501569,6197.100392350753,5.09306500134321,0.14442005050791518,27,0.3036129949748497,21,0.050359712230215826,12,0.02877697841726619,626.2517985611511,580.7865707434053,346.32275187215964,214.4845677880382,1279.0,1031.0,22.868522053914795,4.689134033500457,user15,session_3641521673,test,0
1325,266.690000057,49378.234132012665,283.68076525022036,680.5656161644615,5000.0,45.59654698848418,12129.192577739726,90146.66414225599,3.728839251191523,0.10574084245725607,56,0.20998162656279218,88,0.06641509433962264,26,0.019622641509433963,403.86264150943396,501.788679245283,267.912720547916,262.36926082493403,1151.0,908.0,50.0,4.968315271351779,user15,session_3704248627,test,0
1960,877.559000015,101785.01007212995,422.1318974543491,1280.8194958434651,10779.996550525855,58.16966825951384,104797.44554187509,957252.9137585966,4.758757626476787,0.18850867503357682,63,0.07179004488464381,123,0.06275510204081633,158,0.08061224489795918,983.611224489796,519.3846938775511,266.3288733627225,225.0269950805124,1911.0,1079.0,50.0,2.2334680630778077,user15,session_3791802350,test,1
742,294.394000053,27836.375422988596,290.69032556179286,633.3032989667367,5000.0,71.69805672615493,2462.174602923992,6387.3932747393455,2.9176152107690387,0.10050356472332324,34,0.11549148418065229,14,0.018867924528301886,31,0.04177897574123989,507.1064690026954,358.0148247978437,329.5879335215533,191.92169328173537,1360.0,1064.0,50.0,2.5204318018248233,user15,session_3814755566,test,0
1776,1118.24900007,118584.51428053732,470.12472473516357,1051.6452230246718,6388.330072839477,68.17434573761165,4040.089982757626,9693.875653416331,3.1158928450712797,0.11802330067564483,94,0.08405999021158597,66,0.037162162162162164,63,0.03547297297297297,820.9746621621622,564.4847972972973,575.4076266634124,294.8169502164772,1919.0,1079.0,50.0,1.5881972618699647,user15,session_3879503861,test,0
1079,292.070000172,274966.757978775,448.3194011937987,1151.1965387204941,7312.189386211484,56.066796084287326,4493.144495567782,13184.005995450274,6.149111260721202,0.15584710241612645,55,0.18831102121960663,52,0.04819277108433735,19,0.017608897126969416,461.3531047265987,553.9175162187211,2000.8772107948553,1990.8988641448348,65535.0,65535.0,50.0,3.694319852653737,user15,session_4098569257,test,1
1572,657.153000116,55120.58197739368,236.71897053964682,577.6051880392052,5000.0,38.91691177425005,2067.9436265385516,5558.8799673061885,2.8856627583423946,0.09950537234388923,103,0.15673671121005084,5,0.0031806615776081423,50,0.031806615776081425,453.2321882951654,380.3918575063613,384.4180687638823,231.77059683683052,1916.0,1073.0,50.0,2.392136990506795,user15,session_4119002624,test,0
674,1026.18600011,14987.648256499837,131.61278172128246,410.0575802500728,5000.0,14.499856656889978,1039.7951833746042,2661.848272556433,2.86183841715536,0.16458290827196662,64,0.062366861361526714,45,0.06676557863501484,17,0.025222551928783383,901.2077151335311,510.13204747774483,174.74617091499363,145.32009679191455,1094.0,725.0,20.110400607452835,0.6568010087135782,user15,session_4290136840,test,1
446,176.242000103,19045.124379576424,273.4330369183197,570.846595115024,5000.0,45.7380444115237,2053.6500487846947,4508.023579299305,3.9258870993078747,0.16230604501919926,31,0.1758945085841222,3,0.006726457399103139,38,0.08520179372197309,338.86995515695065,256.3542600896861,215.78321652408727,176.35383244422533,961.0,734.0,44.25401400380302,2.530611317048984,user15,session_4386624259,test,1
1455,817.805999994,62719.29404366627,300.81992209090237,712.9349797617181,5000.0,40.2894909670229,3061.3418207076875,7824.4288719034785,4.713920965938752,0.17755961530965683,99,0.12105560487539384,18,0.012371134020618556,122,0.0838487972508591,385.3553264604811,356.392439862543,320.75169759561305,207.93857037288615,1362.0,767.0,50.0,1.7791505565020003,user15,session_4480398495,test,1
1596,445.542999983,71119.47586706068,329.08047121560014,725.626856957092,5000.0,63.00690844357028,3559.3007399558023,11034.87705088405,4.977402171931361,0.14845939283872633,102,0.2289341320678181,14,0.008771929824561403,67,0.041979949874686714,542.9147869674185,547.9486215538847,351.79878690040147,273.6698372194885,1631.0,1064.0,50.0,3.5821458311788006,user16,session_0005840196,test,0
1003,214.779000044,142727.26447609894,390.84761014764683,1394.0050000110964,8230.279874885548,0.0,3769.223227005942,14084.865079939571,3.457388170315201,0.05935318217242028,14,0.06518328140615208,16,0.015952143569292122,20,0.019940179461615155,277.2043868394816,281.8334995014955,414.4355359688047,318.4907510077205,1919.0,1079.0,50.0,4.6699165178836095,user16,session_0025450757,test,0
566,432.399000168,18755.016280320073,201.43191405029967,499.45317907386703,5000.0,22.256161857057833,1650.0307946799014,3941.4572665881483,3.7604623956377337,0.1595385595097332,45,0.10407054591364955,8,0.014134275618374558,27,0.04770318021201413,254.23674911660777,318.46643109540634,157.1046676391724,156.93851376007956,841.0,715.0,50.0,1.308976199713903,user16,session_0064281061,test,1
1389,489.921999931,148749.89057728293,592.0326005253975,1528.778813587739,9239.77286506219,46.39944729739222,5367.7323902265,14674.043275953,5.559657380535113,0.11689898888552716,70,0.1428798870225438,29,0.02087832973362131,66,0.047516198704103674,484.64290856731463,519.0691144708424,357.5167746438825,363.88252150393214,1857.0,1079.0,50.0,2.835145186775905,user16,session_0083463746,test,0
940,178.322000027,68374.08144026973,398.67168645540767,1294.605105031193,10087.533868633078,29.973187663328403,4087.9302804568515,14235.759366844939,4.563857411378593,0.1372599440508795,73,0.4093718104829856,108,0.1148936170212766,31,0.03297872340425532,773.1223404255319,544.4574468085107,346.0046675383265,183.89890870783384,1916.0,985.0,50.0,5.271363039095979,user16,session_0148970615,test,0
2527,390.490999937,166820.7037315107,435.81779776459337,1208.2369864468849,9114.344987042627,61.631123381587166,33689.36456326025,276842.6805536595,5.26228952720347,0.11465212381828535,156,0.39949704353024346,188,0.07439651760981401,34,0.013454689354966362,701.2777997625643,620.2607835377919,393.90543042385906,248.870992364952,1903.0,1079.0,50.0,6.47133992949311,user16,session_0155746039,test,0
193,56.0230000019,7730.026737493556,208.9992202452964,463.23077735386914,2809.91723967686,27.276955952292017,1689.032875459463,4077.608778233718,2.811730527560882,0.08230927024408399,8,0.14279849347105086,11,0.05699481865284974,4,0.02072538860103627,302.27979274611397,510.979274611399,275.3939119242777,273.2281929112631,914.0,1038.0,32.36359786539676,3.445013654989102,user16,session_0223955219,test,0
809,213.700999975,245069.77353252287,389.3837346508011,853.7592368867489,5000.0,37.973345928699416,3175.595356036683,7273.595676627834,5.2952482865453,0.14281746791807634,40,0.18717741145188574,19,0.023485784919653894,33,0.0407911001236094,511.0840543881335,455.82694684796047,2305.703332345144,2303.9870000182655,65535.0,65535.0,50.0,3.785663146614389,user16,session_0408822104,test,1
311,111.942000151,17864.950989870482,469.65748268145643,1436.6424302424282,10243.103640251085,43.920506770706474,160930.7047455172,1219335.9924722114,6.617801594205492,0.10938722180586218,25,0.22332993841701218,7,0.022508038585209004,4,0.012861736334405145,650.3311897106109,469.54340836012864,414.41004661294266,118.85848408367065,1870.0,522.0,29.730310062558452,2.778224433907632,user16,session_0482518942,test,0
1124,274.322000027,61787.93108422286,343.5606975535691,969.369883163743,7348.966568040205,59.656737796382075,3161.365482427477,9730.393506518161,5.192814413777128,0.1195351416072157,66,0.24059317150466963,84,0.07473309608540925,31,0.027580071174377226,497.65302491103205,475.4661921708185,244.3387840456008,243.95515790760845,1537.0,899.0,50.0,4.097374617746192,user16,session_0668352196,test,1
952,261.14199996,71467.25272683546,352.23346366478165,840.0370328212791,5000.0,19.942382188529834,3354.666297813628,8611.46617265958,5.040814159670158,0.10823340306264416,53,0.2029547143244602,1,0.0010504201680672268,17,0.017857142857142856,384.2310924369748,367.48949579831935,349.6641007359708,290.91628676350706,1874.0,1059.0,50.0,3.6455261893752096,user16,session_0770188364,test,0
2442,703.16899991,132184.37878171453,306.84126089851117,720.7287925970036,5000.0,48.819636317239556,2618.3898393820145,7039.946347052075,4.46604795975625,0.14435794138481137,123,0.174922387101455,31,0.012694512694512694,89,0.03644553644553645,431.8693693693694,561.2354627354628,293.26077569280596,311.20137602450296,1919.0,1079.0,50.0,3.472849343916692,user16,session_0844521549,test,0
1187,836.45600009,337198.35759109573,992.6126032475754,3711.0582177763126,33073.59332203367,96.3822927550073,48370.84621323131,361276.7850364118,6.375548203418802,0.11489636681255692,55,0.06575360807272848,38,0.03201347935973041,35,0.02948609941027801,588.9545071609099,545.6722830665543,1927.9316415409533,1913.346682495963,65535.0,65535.0,50.0,1.4190824142241585,user16,session_0859353781,test,1
1660,4665.98399997,307555.8455208619,404.9013252825493,904.067009467413,5109.238019782597,52.001038744522404,3676.0441595513016,8616.410304288382,5.009369189855,0.13672730152604348,109,0.02336056017352413,17,0.010240963855421687,60,0.03614457831325301,471.7536144578313,490.25240963855424,1621.188657865949,1611.728930500758,65535.0,65535.0,50.0,0.35576632924816565,user16,session_0953745782,test,1
447,69.9549999237,15471.913218658912,214.97027666445723,507.59195384674786,5000.0,27.15519264353629,1632.8572566098594,3565.9585577436774,4.018843410838557,0.15161731001492962,35,0.5003216358827037,25,0.05592841163310962,17,0.03803131991051454,781.9843400447427,439.96644295302013,268.82391627326234,152.5593797255737,1435.0,965.0,50.0,6.389822035416245,user16,session_1256331958,test,0
419,436.374000072,25854.98767632698,263.53176349965423,674.2072002694373,5000.0,16.853929483336767,1984.099255833687,4777.540659054124,4.734730815849727,0.194634494144252,28,0.06416514273393949,0,0.0,39,0.09307875894988067,411.7852028639618,448.9474940334129,469.93480324620776,233.41110438025723,1983.0,1151.0,50.0,0.9601855287685944,user16,session_1271171766,test,1
966,741.151000023,27620.66771453878,208.81097822558115,566.3795507249914,5000.0,23.913597718099226,1878.3819751398858,6230.750968361272,4.913618515850453,0.22077822149833443,66,0.08905067927851656,40,0.041407867494824016,39,0.040372670807453416,331.27639751552795,330.7049689440994,261.29219187646936,196.73621095434518,1363.0,767.0,50.0,1.3033781239855606,user16,session_1386411131,test,1
2037,456.75,126447.79734345766,315.11261604917587,950.3628963570716,6960.073045243715,28.708118724393113,3567.319391973387,13879.14381678064,4.575764697256772,0.13286173141733948,131,0.2868089764641489,167,0.0819833087874325,59,0.028964162984781543,883.7579774177713,688.9734904270987,390.9613257010756,214.2905993889718,1916.0,1079.0,50.0,4.459770114942529,user16,session_1427407488,test,0
380,95.5820000172,24069.33393554284,328.0006204613025,796.287543953088,5000.0,49.55812425230542,2825.6502045419534,7012.503304997767,5.186696934910168,0.1509911798763671,21,0.21970663928585973,0,0.0,14,0.03684210526315789,536.6447368421053,371.53684210526313,295.8506230062326,206.95948441791475,1432.0,921.0,42.3928631023658,3.9756439489822237,user16,session_1484409764,test,0
1372,500.382999897,64482.010054731654,303.3155735922522,957.8964806492652,7683.881220689816,22.719965863759686,3616.0155597213197,14579.938048538406,4.710167430258418,0.16453776801745515,104,0.20784079399461533,24,0.01749271137026239,71,0.05174927113702624,276.81413994169094,237.6115160349854,242.59678241294822,155.46731496804932,1363.0,767.0,50.0,2.741899705390502,user16,session_1535403881,test,1
2616,459.495000124,140860.65764736995,286.53908262651566,1064.2806836068826,7863.368566566387,20.837334006305724,15099.667135220107,120825.75396670376,4.722277353902995,0.1401654060340311,141,0.30685861644185364,173,0.06613149847094801,57,0.021788990825688075,494.35626911314984,488.1525229357798,382.0239408458863,243.4280873416736,1919.0,1070.0,50.0,5.693206671006306,user16,session_1619535766,test,0
209,24.1289999485,7155.756895953045,209.17745173416867,575.8823436776867,5000.0,13.986024989005648,19046.423252516688,143988.16143675242,5.60943596286665,0.11765513352595842,18,0.7459903037182851,5,0.023923444976076555,3,0.014354066985645933,584.7655502392345,423.2535885167464,287.0782986865065,77.0568458936639,898.0,333.0,31.555003746304838,8.661776304284533,user16,session_1653923890,test,0
448,109.427999973,25531.00039934493,446.70753297611105,786.8923158792401,5000.0,122.065141726327,3934.0115855804506,7969.969542633577,5.4791544495477655,0.15828628121671454,28,0.25587600985953,15,0.033482142857142856,15,0.033482142857142856,481.56026785714283,609.171875,323.5776114513955,314.36008566256316,1458.0,1074.0,50.0,4.09401615775248,user16,session_1667382627,test,0
2258,330.154000044,153712.53430135816,366.69059063290143,1102.7455762141715,8097.302143895713,34.575255803558676,3952.807775061157,12897.059968624111,4.61863827742867,0.12526097669060088,123,0.3725534144175374,107,0.04738706820194863,54,0.023914968999114262,482.37112488928256,498.4007971656333,418.6082395482646,305.1779395369963,1919.0,1079.0,50.0,6.839232599632517,user16,session_1717253391,test,0
1983,1173.72199988,102723.3919672308,417.18958930057033,1771.4339220611093,16494.705400679406,32.64333654970331,8642.238130649248,52887.34796253176,5.148012079896845,0.12738633604591953,130,0.11075876571563883,94,0.04740292486132123,50,0.025214321734745335,656.8124054462935,441.33182047402926,220.4617484970268,174.54923878929216,1572.0,1077.0,50.0,1.6894971724162446,user16,session_1976172513,test,1
1463,256.342999935,194222.31749125652,397.3299992905673,1242.1321959691968,7825.363022553167,12.740655722460486,4110.9290387209285,13277.64489503493,4.788594075482021,0.10466733922685333,69,0.26917060351753735,11,0.007518796992481203,19,0.012987012987012988,387.72795625427204,456.4736842105263,330.2907537748079,325.3113007020523,1919.0,1079.0,50.0,5.707196999219669,user16,session_2083267904,test,0
1159,215.523000002,91292.46779051298,413.0008758729363,1036.4288044040088,6771.227085330768,40.9518589591097,3764.7194934832255,10351.924087010384,4.726687503644756,0.12913611368390526,77,0.35727045373016086,14,0.012079378774805867,32,0.027610008628127698,430.7446074201898,479.1458153580673,321.1024274514216,304.600341733417,1717.0,1079.0,50.0,5.377616310042291,user16,session_2194913037,test,0
2213,383.41899991,81956.22655703634,268.4312886415564,624.279685750445,5000.0,50.06069384539963,2409.124393032548,6094.197188152003,5.356795277449843,0.15389712362124297,167,0.43555483697782305,112,0.05061003163126977,57,0.025756891098056935,507.2535020334388,395.8874830546769,317.1549945848658,186.33519324590677,1918.0,1079.0,50.0,5.771753618155223,user16,session_2494483407,test,0
1501,385.30700016,77560.77657828672,252.98082579349747,706.3541443258947,5000.0,13.888883777006763,2404.088733932957,7005.500299770438,4.412205411948173,0.1561490409330641,94,0.24396130867325586,36,0.023984010659560292,68,0.04530313124583611,446.0153231179214,382.04197201865423,355.75658218091417,240.62049837280122,1919.0,1079.0,50.0,3.8955949395591176,user16,session_2636442787,test,0
697,265.899000168,129538.37339966575,617.9856793405036,1843.0489234602844,9214.187742599812,18.492851402897568,6482.080746558511,19840.977908453387,5.808680988747122,0.1102860131672112,25,0.09402066192127286,82,0.11764705882352941,10,0.014347202295552367,528.2209469153515,505.95552367288377,256.6254985667233,224.3088606654609,1918.0,862.0,50.0,2.621296054365087,user16,session_2683617861,test,0
1254,592.691999912,89249.52164301048,399.22754909039827,991.1824347321719,6037.5212654537345,33.41960611122844,3452.8316587149866,9156.347976426272,4.038006619358867,0.15110776222829309,115,0.19402995150444857,138,0.11004784688995216,134,0.10685805422647528,907.3763955342903,500.68819776714514,488.3609967651581,205.12240148079238,1919.0,1079.0,50.0,2.1157700798832915,user16,session_2853115772,test,1
1107,202.031999826,68850.17244335283,425.93383859208586,1126.584223591733,8218.597522369171,60.406862632050725,4037.187731901549,11107.47864918712,5.547835027409088,0.15110338291002362,59,0.2920329455275092,32,0.028906955736224028,46,0.04155374887082204,551.4760614272809,633.2457091237579,336.4689718257418,286.7021521037166,1867.0,1079.0,50.0,5.479330011846655,user16,session_2926423726,test,0
180,58.3759999275,5584.1968842392,448.1440978683298,1917.4107494346138,17402.4948445305,43.36496234680557,130752.46192973739,984238.5416767108,6.563390965743524,0.20172533811966997,11,0.18843360308451138,5,0.027777777777777776,8,0.044444444444444446,272.15555555555557,175.86111111111111,108.97818049367487,103.08090676522329,527.0,513.0,15.072779766481657,3.083458959564732,user16,session_2977418379,test,1
753,119.661999941,78530.93397712066,439.24894845961165,1373.2177596353251,8647.27682186726,21.094944103161772,57605.72388383693,467285.53969271225,5.520964935012588,0.1327658902940136,30,0.25070615579542094,53,0.0703851261620186,9,0.01195219123505976,513.1819389110226,506.98539176626826,404.45607366490015,307.602138458412,1919.0,1079.0,50.0,6.2927245104650655,user16,session_3067782503,test,0
760,130.018000126,26161.9574102577,210.97670353799265,494.0965813359393,4241.936949768653,13.9190180832125,1609.259512257939,3833.496772801997,3.543627483371624,0.1621304855664609,105,0.8075804880727657,11,0.014473684210526316,19,0.025,596.978947368421,625.3789473684211,375.57584713011977,259.19003477758895,1382.0,920.0,46.64457619386366,5.8453444850981136,user16,session_3071944492,test,0
220,45.5869998932,11877.03730457439,296.3927554506312,982.3439130704555,6275.0762835820915,19.295785736982822,2539.6401365958745,8454.455766379824,3.8820545855063187,0.14312333546881545,13,0.2851690181511407,4,0.01818181818181818,6,0.02727272727272727,652.8409090909091,637.4045454545454,306.5361154898822,231.4970240097337,1824.0,1016.0,16.22865420476741,4.825937230250073,user16,session_3206758270,test,0
421,287.529999971,23411.793610390512,347.62594612139225,759.3489298754115,5000.0,69.72416521223266,3805.5919795187506,9850.73536061628,4.901805126319762,0.10451852829609577,21,0.0730358571353182,9,0.021377672209026127,5,0.011876484560570071,290.15914489311166,384.56769596199524,216.20915985007795,247.52350211004534,1858.0,1079.0,50.0,1.4641950406651885,user16,session_3348997730,test,0
1779,271.11500001,51827.64521779565,173.9517669211958,547.9458188744109,5000.0,22.98850244418095,1820.998008526726,6063.827758389357,3.890168404392966,0.14948395979163961,153,0.5643361672882601,51,0.02866779089376054,60,0.03372681281618887,321.25688589094995,530.5092748735244,198.40329109803307,168.04095628869402,1919.0,963.0,50.0,6.561791121606632,user16,session_3349837388,test,0
1613,308.797999859,96627.60633129331,379.18604106746164,902.8485527095972,5664.628573393892,47.7946958896188,3371.949187776339,8608.359294649737,4.504841268125925,0.13861068176973523,116,0.3756501015322854,71,0.04401735895846249,42,0.026038437693738377,520.949163050217,583.462492250465,413.61047371273105,291.34731622745585,1909.0,1079.0,50.0,5.223479429065313,user16,session_3367539943,test,0
179,39.4449999332,5686.271089638158,193.4058364465705,430.88403581527854,2932.5132006558674,26.446791413758685,1634.5046692065948,4033.376532327973,3.544183274202842,0.16744248833793135,19,0.4816833573881721,0,0.0,13,0.07262569832402235,267.2960893854749,517.7597765363129,169.48625789082328,197.79905065596049,623.0,682.0,30.49693617132082,4.537964261709621,user16,session_3573257812,test,0
1259,291.106000185,47151.695785808784,266.15528791048814,621.5739411020284,5000.0,43.559753349810656,2537.599683472242,6561.61163640323,5.585079684183778,0.18001674263290673,97,0.33321195694474104,12,0.009531374106433678,28,0.022239872915011914,714.8467037331216,416.6354249404289,327.70518932108075,191.96677570092916,1899.0,1079.0,50.0,4.324885090653907,user16,session_3583196291,test,0
453,141.375999928,33248.27748691708,372.3696971421633,933.055198463239,6718.156406330875,103.47946278251388,3251.269234167141,8942.038184477557,3.154559642664225,0.08302127549976428,5,0.035366681774462436,0,0.0,21,0.046357615894039736,905.5430463576159,568.523178807947,515.255251656619,289.1990197485136,1778.0,1079.0,50.0,3.2042213687662966,user16,session_3656309644,test,1
410,60.1410000324,53552.9865341143,636.3633666421102,1527.294423798514,9352.354615208917,92.41458450654412,6025.2718181821065,15229.700057208382,6.262817946924476,0.11026011797944978,24,0.39906220360603223,14,0.03414634146341464,8,0.01951219512195122,389.77073170731705,532.7926829268292,296.8348204519058,309.6287759873663,1172.0,1079.0,50.0,6.817312644936384,user16,session_3726985009,test,0
260,53.7079999447,10300.87943229978,363.7182903392779,1140.535473313278,9997.373954595461,41.85586130964096,57805.54943050335,480313.04998668237,5.22787022147037,0.1227459412862519,18,0.3351456024900118,6,0.023076923076923078,12,0.046153846153846156,305.8115384615385,449.7692307692308,192.64909750586628,308.9793270305062,682.0,1048.0,12.178182668556918,4.840992035966837,user16,session_3735635217,test,0
944,217.342000008,71366.6219816887,289.5328318983948,988.7337095878661,7375.259802496614,24.156132650726292,2393.859284476067,7903.852318630447,3.8821324039437193,0.14752179483453753,35,0.16103652307750782,46,0.048728813559322036,40,0.0423728813559322,565.1705508474577,519.8728813559322,354.72453958440116,300.8090623454418,1910.0,1079.0,50.0,4.343385079576211,user16,session_3780421656,test,0
1291,2998.65100002,52733.445660631434,223.72995222861545,639.8760484610347,5000.0,17.567894345844692,1942.3297801213223,5507.454658588486,4.116027308073634,0.14977298185176482,133,0.044353277523497374,31,0.024012393493415957,59,0.045701006971340045,584.5522850503486,357.14794732765296,256.4441236277878,190.1490617687074,1500.0,1079.0,50.0,0.4305269269386099,user16,session_3974162531,test,1
1479,650.401000023,107864.07635572602,306.2214928784108,765.9516698826086,5000.0,22.619667102583847,2769.4379537658037,7197.916871170228,3.363077486181521,0.09563837658406925,70,0.10762591078046405,179,0.12102772143340094,67,0.045300878972278566,904.2041920216362,396.2454361054767,488.3991914258172,247.3054078547224,1852.0,984.0,50.0,2.2739817434900904,user16,session_4026966824,test,1
753,244.821000099,51424.788087648456,423.2855154720074,1563.2520096772255,12647.585641074184,21.437336068266866,77133.43447072225,626954.2770835852,5.2411169990984146,0.17170203661492847,32,0.13070774152160122,115,0.15272244355909695,42,0.055776892430278883,573.5245683930943,358.8871181938911,480.8289935149855,205.35522351734733,1363.0,767.0,50.0,3.075716542680179,user16,session_4098547958,test,1
641,186.34100008,19414.74645331198,207.24109028424996,556.4899031977778,5000.0,23.809537509455332,1797.4210362391395,4745.528419885753,3.994060532044917,0.13765958620427857,67,0.35955586785106625,11,0.0171606864274571,41,0.06396255850234009,366.1060842433697,299.7878315132605,229.79028749829516,179.98520401465385,1847.0,1050.0,20.99824062070309,3.4399300192915443,user16,session_4224530762,test,0
1670,360.539999962,81516.6965712067,309.67519767758324,718.3040135156025,5000.0,38.71686983862953,3399.93862334565,10425.65273892874,4.911839390796594,0.14721420354450673,151,0.4188162201584152,9,0.005389221556886228,50,0.029940119760479042,421.96526946107787,472.3904191616766,263.51405971568624,227.39185690960798,1888.0,1079.0,50.0,4.631940977910949,user16,session_4238071281,test,0
2544,207.065000057,21592.64131983617,33.41866463328603,294.6149700738104,5000.0,0.0,153.75785743473133,766.4969737228013,0.9199936833839344,0.1795159979140662,61,0.29459348505642274,133,0.05227987421383648,46,0.018081761006289308,461.6167452830189,432.14858490566036,185.29142888017597,190.65293137479753,847.0,694.0,50.0,12.285997147271138,user20,session_0101735014,test,0
1574,126.980999947,23472.565732946223,68.27680529227429,489.4269157576918,5000.0,0.0,11759.562386861762,105573.30056799031,1.7544684877214791,0.19418330214697865,26,0.2047550421783733,4,0.0025412960609911056,38,0.0241423125794155,296.57623888182974,378.53494282083864,274.86780079823944,204.48302944573743,1409.0,885.0,36.123392078823,12.395555245721521,user20,session_0379715237,test,0
1219,1909.17700005,1145197.45871022,261.48933988524425,866.6718235501197,7172.945064408171,19.24406692978485,4537.3946545971385,26953.969734277332,3.610414023489002,0.14898087990913794,75,0.03928394276593307,29,0.02378999179655455,97,0.07957342083675144,798.5020508613618,684.8695652173913,4566.359575996467,4565.3992451773665,65535.0,65535.0,50.0,0.6384950164222988,user20,session_0512046694,test,1
1361,721.585000038,59957.72573224855,219.034780165502,605.1629775026275,5000.0,39.06249359131233,1783.0860449224976,5235.881305408456,4.129654993202386,0.1687688735071085,51,0.07067774412898584,179,0.13152094048493754,84,0.06171932402645114,600.6414401175606,443.2990448199853,228.1302501777435,185.5019329389507,1439.0,899.0,50.0,1.8861256815597987,user20,session_0593223632,test,0
1659,691.753999949,173608.32402085204,411.29554900860836,1187.5832188067734,7878.905091601618,42.07159315994122,3440.704328381749,11042.7226754545,4.178898567590944,0.12939422840269973,58,0.08384483501978461,127,0.07655213984327909,67,0.04038577456298975,569.00904159132,403.6431585292345,282.5889922111689,210.42971249849919,1437.0,899.0,50.0,2.398251401686598,user20,session_0799578885,test,0
1586,351.157000065,39999.785199013735,198.42679354192643,487.07597762560516,5000.0,54.546072537289255,1719.9490799493644,4855.598272284937,4.322181157363252,0.1581036249487981,70,0.199341035454349,94,0.05926860025220681,67,0.04224464060529634,222.0126103404792,431.0277427490542,136.6105467424003,244.89011348789268,712.0,899.0,50.0,4.5164983175799644,user20,session_1273150073,test,0
1889,393.023999929,58213.464836351006,200.88943628385138,495.83933878889843,5000.0,46.39944729738267,1632.5448394742268,4589.433129880865,3.8487021322661206,0.16316778178893498,102,0.25952613585538375,58,0.03070407623080995,100,0.05293806246691371,252.89835892006352,272.8168343038645,146.0170433605426,167.11316421185015,714.0,791.0,50.0,4.80632226108647,user20,session_1311858241,test,0
4189,580.933000088,50625.8278704439,55.386539458879845,429.86422516692477,5000.0,0.0,361.87968747057636,2341.679091229029,1.1383638193717815,0.1528359142692725,45,0.07746160055149799,278,0.06636428741943184,71,0.01694915254237288,402.42134160897587,434.9971353544999,246.62126250274528,256.6592058319859,1199.0,899.0,50.0,7.210814326893891,user20,session_1468258531,test,0
2331,108.746999979,30492.681170284653,57.51348635305874,435.196621038231,5000.0,0.0,695.3596662963882,4939.661386290321,1.18297188750465,0.1392177426203523,37,0.34023927103409773,40,0.01716001716001716,27,0.011583011583011582,455.2316602316602,544.1600171600171,330.39949995771303,267.83690773951884,1407.0,864.0,24.05318029483521,21.435074075148158,user20,session_1868010893,test,0
4922,283.90500021,65117.78710491469,32.890872753009376,323.2226669654955,5000.0,0.0,115.19778514177982,596.8214947676715,0.9111240444753038,0.13172448409269596,53,0.18668216467056495,279,0.05668427468508736,42,0.008533116619260463,451.18671271840714,380.9989841527834,345.376822683021,288.43141606102034,1124.0,899.0,50.0,17.33678517940605,user20,session_1924699326,test,0
998,222.298000097,81622.84793787776,415.3822951172256,1176.5524182885845,7119.231004034217,50.34010940287385,3741.3486021097406,11091.233278527729,5.6972908595970635,0.13727016166526082,65,0.2924002913730091,87,0.0871743486973948,18,0.018036072144288578,362.2685370741483,348.3887775551102,202.54189118579762,212.88927329096617,1116.0,877.0,50.0,4.48946908908097,user20,session_2320125003,test,1
766,226.299999952,26668.177926586366,226.8979102663775,528.4775623920823,5000.0,28.6230078449981,1892.3747491539261,4602.119041712371,3.503060897036328,0.17615387352298525,55,0.2430402121593722,3,0.0039164490861618795,40,0.05221932114882506,346.7467362924282,274.0744125326371,254.4282860986806,174.7960931888893,1333.0,696.0,50.0,3.384887318437802,user20,session_2336058051,test,1
778,196.75,61997.8196838283,388.09254290916164,1077.347673545723,6778.400513763372,30.853268288187994,4044.8845114797346,11362.347734381718,6.421135365793561,0.18099466265786449,50,0.25412960609911056,79,0.10154241645244216,39,0.05012853470437018,382.32647814910024,390.8547557840617,420.5264291021714,325.3398828395126,1919.0,1079.0,50.0,3.95425667090216,user20,session_2368259027,test,1
4898,282.345999956,39755.27238489731,30.474835123753863,291.88139497237387,5000.0,0.0,114.20925449277348,557.8597853692991,0.8234736777773156,0.16476151049905563,64,0.2266722390612,463,0.09452837893017559,60,0.012249897917517355,583.9650877909351,442.5022458146182,308.89897719994974,227.34455964536812,1439.0,897.0,50.0,17.347509795652464,user20,session_2532367006,test,0
3338,137.796999931,21274.79922908502,59.458179622039324,451.988804339341,5000.0,0.0,27285.915029481683,220857.30789699644,1.7710534168963268,0.23388284796373937,42,0.3047961858460702,66,0.019772318753744758,31,0.009286998202516477,191.8277411623727,529.7612342720191,142.67477802274053,203.4411253667137,738.0,899.0,36.058509495731606,24.22403972271863,user20,session_2861116304,test,0
1912,668.028000116,165808.45874472774,362.63213373749176,906.9219369461518,6094.433711434131,29.21682041805425,3256.251805218187,8241.744476831873,4.475086660474047,0.15474685724093884,119,0.17813624575517223,51,0.026673640167364017,123,0.06433054393305439,604.4032426778243,547.826359832636,342.52985301906136,257.3567225736051,1614.0,1079.0,50.0,2.862155478015876,user20,session_3005678154,test,1
1342,253.849999905,55895.283265316044,242.89999459954066,873.5353952425722,6712.0837057754425,17.021575103450495,45724.08909062899,408619.4848110747,4.039150504610658,0.10839195839065456,73,0.28757140054094654,59,0.043964232488822655,28,0.020864381520119227,483.3606557377049,370.20193740685545,215.45765494820895,186.70400368635669,1539.0,899.0,50.0,5.286586568848634,user20,session_3236365486,test,1
1260,286.323000193,47849.32916542687,420.3622451282665,2205.9569560531613,18961.98904699131,19.324143045672553,270809.9160473179,2096567.5314806039,4.064368412147296,0.13322206902469286,98,0.34227079184676656,7,0.005555555555555556,37,0.029365079365079365,449.62380952380954,395.2888888888889,165.73235475309278,133.41234473881664,935.0,725.0,50.0,4.400624466601284,user20,session_3379861047,test,1
8012,418.434000015,92581.37155436628,46.4811582153367,379.4526307079996,5000.0,0.0,389.7084241082751,2653.5349423356715,1.066660395134969,0.12839324560848828,141,0.3369707050453487,72,0.008986520219670495,74,0.009236145781328009,583.9172491263105,502.5292061907139,384.6557116361872,214.42757667908128,1439.0,899.0,50.0,19.147583608676126,user20,session_3482932637,test,0
12672,907.398999929,69502.64306456111,23.46664556195494,280.0346372127491,5000.0,0.0,52.51109577394781,265.27361190818567,0.5340272077525247,0.08214150839802829,81,0.08926613320748414,249,0.019649621212121212,129,0.010179924242424242,345.94286616161617,252.57488952020202,359.4783247710478,268.3394810676659,1439.0,899.0,50.0,13.965190617348629,user20,session_3659572440,test,0
405,381.832000017,9933.302408164916,195.10080659150896,526.0844255010547,5000.0,50.06119986304067,1748.0009579932898,5088.7767295754065,4.560074539953063,0.1909591139722962,16,0.0419032454044911,15,0.037037037037037035,16,0.03950617283950617,729.7358024691358,537.1382716049383,212.15981932916202,114.3714447241635,928.0,663.0,29.35558811914279,1.060675899301181,user20,session_3684692596,test,0
603,174.30099988,33706.51075024378,218.4472850807399,546.208280883955,5000.0,23.041473804924195,1558.9524103384203,4015.640030114857,3.2122221533883284,0.17203153659504888,33,0.18932765745875996,18,0.029850746268656716,22,0.03648424543946932,559.9071310116086,292.1111111111111,294.7528070683053,214.13671059204677,1416.0,824.0,50.0,3.45953264992825,user20,session_4254477956,test,1
3845,347.711999893,42774.59265304537,42.78130050148211,353.9804877414907,5000.0,0.0,184.92046011600647,814.2016931313165,1.1396807383167942,0.1517238579225375,70,0.20131603172033413,92,0.023927178153446034,57,0.01482444733420026,443.91937581274385,471.4374512353706,253.8596787087623,227.1737258548802,1170.0,879.0,50.0,11.058002028066925,user20,session_4339216244,test,0
646,138.348999977,21083.23827759756,243.3528659318791,488.7183500560255,5000.0,64.0218439153902,1910.2526116368106,4277.935702822835,4.537612016814995,0.1460915463770084,46,0.3324924647640917,52,0.0804953560371517,24,0.03715170278637771,370.54489164086687,549.5882352941177,190.07867077184474,215.24852940674114,957.0,852.0,34.58918283956283,4.6693507008174615,user20,session_4804227584,test,0
146,157.463000059,3891.216770961369,237.47073119600677,564.5779234370113,5000.0,26.333725246609383,4105.942559450583,17233.53452324374,8.569846430732921,0.31259267461751844,13,0.08255907733962274,5,0.03424657534246575,13,0.08904109589041095,262.9178082191781,99.08904109589041,152.21253321223946,95.50402925118966,502.0,490.0,8.450204443907896,0.9272019455065322,user20,session_5205618080,test,1
1579,56.8279998302,12879.930178632241,63.435966722694374,441.95065397763784,5000.0,0.0,31385.311001322883,249905.9758012641,2.171919146284414,0.24634826357822107,18,0.31674526736438635,24,0.015199493350221659,15,0.009499683343888538,260.86827105763143,399.7967067764408,203.90081618099904,249.03942422444914,1332.0,858.0,50.0,27.78559873157589,user20,session_5291244662,test,0
3823,218.59100008,35318.552409001524,33.891970932396916,332.6175664935594,5000.0,0.0,109.92622718963668,525.4424953769916,0.8679709091591257,0.1266240251852947,62,0.28363473325667216,4,0.00104629871828407,41,0.010724561862411719,376.9267590897201,387.5568924928067,318.2946256720286,293.66155732424386,1307.0,899.0,50.0,17.489283632907384,user20,session_5321706137,test,0
2645,828.177000046,38073.01818846022,41.59959886740414,334.0514037608153,5000.0,0.0,175.3582298744788,749.5715568109451,0.8863878384813748,0.15627512758477632,39,0.0470913826366028,0,0.0,48,0.018147448015122872,520.7765595463138,458.52551984877124,389.3533871895754,223.4642101661762,1439.0,899.0,50.0,3.1937617198413952,user20,session_5340758381,test,0
953,1063.30900002,253584.32217233907,371.00479712090765,912.0255091915805,5631.937701491875,60.609107259595795,3264.9997327594997,8447.41110085977,4.220795936417795,0.09505200437250749,49,0.04608255925519143,122,0.12801678908709338,10,0.01049317943336831,581.0503672612801,515.6096537250787,2124.4586422593775,2121.4185550487264,65535.0,65535.0,50.0,0.8962587544938253,user20,session_5445638904,test,1
1422,363.25999999,39071.722250271516,162.24342619231612,460.9534836423597,5000.0,17.024455390051862,1547.040386676682,4327.342428874523,4.102054122867555,0.15653404812914384,81,0.22298078511872987,99,0.06962025316455696,73,0.051336146272855133,389.9479606188467,331.6736990154712,174.0872853884217,202.91778493490295,1327.0,897.0,50.0,3.9145515609732575,user20,session_5453779030,test,1
795,75.0789999962,8191.750341207777,50.55986518844565,355.3010371156466,5000.0,0.0,13878.126246149135,115725.69491499395,1.5496159327730608,0.1761761251336616,11,0.1465123403422628,1,0.0012578616352201257,12,0.01509433962264151,472.58490566037733,378.46792452830186,209.47899571539236,229.5709006017917,786.0,767.0,50.0,10.588846415645355,user20,session_5938861210,test,0
6268,318.665999889,185565.96744455915,53.32392571757909,435.5689452198997,5000.0,0.0,577.024321429683,4348.96063175878,1.0061143557094736,0.11919041170145192,74,0.23221805911448415,255,0.04068283343969368,60,0.009572431397574984,503.980376515635,391.45820038289725,380.38734018902744,237.72894621118957,1428.0,899.0,50.0,19.669497223372794,user20,session_5982655120,test,0
1352,274.648000002,44270.14438293742,235.5769328403286,510.1347008707862,5000.0,50.82793139341092,1774.5292926108177,4036.7372222745257,4.228152857048189,0.16447391507430348,97,0.35317934228282616,16,0.011834319526627219,68,0.05029585798816568,236.18343195266272,379.85872781065086,147.2444618271537,242.25400965502962,931.0,899.0,50.0,4.922664647076092,user20,session_6555326593,test,0
224,48.3990001678,14602.428175045792,443.2044745517466,1127.5200559886043,6864.857038031503,33.515692917509085,3956.3863113072925,10169.901653506242,5.742652469725706,0.1625280566075411,27,0.5578627638255053,16,0.07142857142857142,7,0.03125,651.8973214285714,435.90625,346.71967352708776,290.7402723561546,1494.0,1079.0,50.0,4.628194781367155,user20,session_6706849000,test,1
1768,342.77699995,82321.97294315085,256.60430554645137,677.0870059068485,5000.0,47.110417548981744,2299.181628736896,6896.730614055428,4.5441587124043705,0.14963480807778795,98,0.28590016253802036,31,0.01753393665158371,76,0.042986425339366516,224.83880090497738,383.36538461538464,154.5955400963748,233.74391150115287,768.0,899.0,50.0,5.157872320073674,user20,session_6710819502,test,0
831,379.385999918,23678.664906941456,171.78598808117704,487.6263812153397,5000.0,38.22342833471316,1409.8931635501253,3922.1402759699117,4.567998033130881,0.19012190683695837,39,0.10279767837619051,110,0.13237063778580024,44,0.052948255114320095,559.1624548736462,451.0878459687124,218.74075834135135,151.47638325305647,928.0,888.0,50.0,2.190381300784982,user20,session_7259628766,test,0
1185,358.228999853,28236.57011550205,156.80190200341366,487.2826620610276,5000.0,37.7123376882921,1485.9508757599874,5462.298539124787,3.9547527125606274,0.18650815724895423,49,0.13678401251743227,113,0.09535864978902954,67,0.056540084388185655,460.9805907172996,317.4573839662447,229.357520236808,134.7556914065651,880.0,899.0,50.0,3.3079398945542295,user20,session_7589485664,test,0
609,64.1139998436,6774.183502266742,35.304260524553264,262.3058522769129,4122.421303692818,0.0,191.91590398023456,886.6747877430575,1.4863976809743829,0.18098717116522728,11,0.17156939243899075,27,0.04433497536945813,13,0.021346469622331693,374.41707717569784,444.5993431855501,273.20184262400863,207.34222060867464,1132.0,854.0,21.313630736069353,9.498705454122307,user20,session_8348355115,test,0
188,32.7749998569,2230.080752354353,78.84124243828731,157.2015482852522,958.6021840484719,14.6550221176414,536.7846154237538,1144.9911463383996,4.642892873485021,0.20696152145438368,27,0.8237986305991024,6,0.031914893617021274,7,0.03723404255319149,138.37765957446808,399.6010638297872,150.60906979545936,136.97642327649518,577.0,408.0,50.0,5.736079353801157,user20,session_8627857957,test,1
173,157.947000027,12376.677355382433,453.25505072321107,1143.6529627828513,6966.235479956703,52.75441511236405,4251.454311384982,11065.993498147312,5.655498517769387,0.12135443280060527,14,0.0886373276960423,9,0.05202312138728324,4,0.023121387283236993,869.5606936416185,526.5606936416185,355.32083939890714,189.6676195028771,1707.0,957.0,15.841179034244655,1.0953041208153798,user20,session_8658186994,test,1
889,1136.30900002,49800.603315676984,350.89872383611436,807.0011994342432,5217.638335641247,64.87220104334723,3405.2047443844144,8753.707407518745,5.557941428765381,0.10621742090272873,52,0.045762200245782404,8,0.008998875140607425,28,0.031496062992125984,447.65354330708664,428.2249718785152,305.6499191490679,187.75955909982503,1599.0,899.0,50.0,0.7823576157403953,user20,session_8687623726,test,1
1567,321.566000223,71601.6164993332,219.69677192541718,608.8727139496382,5000.0,43.703661888900285,1603.7669654055737,5133.423960110042,4.279953885523617,0.16914012325580327,76,0.2363433943492018,26,0.016592214422463305,50,0.03190810465858328,263.04658583280155,434.67262284620296,151.49728152207445,247.62174922004417,1623.0,1055.0,50.0,4.873027617699989,user20,session_8833850952,test,1
6577,533.482000113,429061.75745186093,73.66607408615577,503.12237014851075,5000.0,0.0,32840.265659874705,252795.72064640824,2.090197486813097,0.20342775650289852,85,0.15933058656523677,235,0.03573057625057017,78,0.011859510415082864,321.8379200243272,396.9274745324616,1153.3926373598315,1159.3725558670308,65535.0,65524.0,50.0,12.32843844517132,user20,session_9064183032,test,0
1081,428.898000002,46626.83843277335,253.3273668966054,626.0315128236225,5000.0,37.63081128988067,2003.9886738677164,5270.812846679453,4.473983505336658,0.16556371049203375,62,0.14455651460186544,6,0.005550416281221091,74,0.06845513413506013,383.2210915818686,337.5559666975023,324.31177009384027,197.00653980500147,1219.0,712.0,50.0,2.520412778784138,user20,session_9086606611,test,0
698,313.687999964,222392.55304631338,422.51910511546276,1140.7711087870234,6765.964295599095,34.43763193767053,4686.472145761797,12546.201078961047,5.652237212937735,0.20419327969124731,54,0.17214557141553785,45,0.06446991404011461,51,0.07306590257879657,431.1919770773639,427.92836676217763,2484.9525484920064,2486.203128238181,65535.0,65535.0,50.0,2.2251409045934336,user20,session_9160177818,test,1
1303,163.338999987,14018.435873589977,39.41267520440228,323.8700382545831,5000.0,0.0,207.03971654276515,1012.5190523012225,0.9738378550454702,0.18768088347112036,26,0.15917815097477833,11,0.00844205679201842,38,0.02916346891788181,370.3952417498081,455.11665387567155,255.96484351186675,231.1343599991247,1200.0,899.0,35.79439956471746,7.9772742584667755,user20,session_9395770534,test,0
1711,1164.63800001,112162.64658322337,473.32547529868185,2022.5230544977567,17834.473379047253,26.31579813017638,30599.91790298276,237891.6768506883,4.613500480304782,0.10810227648788084,96,0.08242904662150445,129,0.07539450613676213,34,0.019871420222092345,464.6820572764465,424.6908240794857,253.98609235668582,174.33432196884823,1599.0,899.0,50.0,1.4691260288478554,user20,session_9646127676,test,1
967,226.172999859,25625.398702324404,179.18682806887875,425.3742445317376,5000.0,25.030294314740896,1388.2647241616783,3272.219700791877,3.45842825215758,0.23756416122439472,58,0.2564408662225737,12,0.012409513960703205,58,0.05997931747673216,345.89038262668043,311.0796277145812,201.7581531458556,134.6132135243335,937.0,687.0,50.0,4.275488235124635,user20,session_9708106289,test,1
7886,566.229999781,80449.58778841543,30.484767951558204,278.08943480749264,5000.0,0.0,127.22130721923268,555.1882781013773,0.8630737745126104,0.1292213627152415,119,0.21016194840616972,10,0.00126806999746386,93,0.011793050976413899,436.1768957646462,368.9742581790515,419.44020946097993,218.03376890938995,1439.0,892.0,50.0,13.927202732193734,user20,session_9740386657,test,0
285,101.226999998,14668.060715583508,290.6563064215735,740.7804327674166,5000.0,26.79186801777643,2896.4805948613703,7627.148145964423,3.3632548021515865,0.071881989902003,24,0.23709089472644831,25,0.08771929824561403,12,0.042105263157894736,602.2631578947369,457.8701754385965,330.2597316707443,301.1969911078693,1625.0,1079.0,41.442960413189475,2.8154543748765737,user20,session_9753314758,test,1
1246,357.609999895,55378.145942694035,252.1223328885957,662.7469045663852,5000.0,23.25582325581865,2428.2636004496053,6920.807972713737,4.946431361698056,0.18846844311286778,110,0.30759766234808245,21,0.016853932584269662,91,0.07303370786516854,276.81621187800965,337.82744783306583,215.9102649250751,167.56831586836194,985.0,763.0,50.0,3.484242611688279,user21,session_0080153528,test,1
792,281.230000019,66778.73519324708,379.7174922391611,816.330339592407,5000.0,53.95414529677197,3361.4494736152637,7614.29693782866,5.213963465113357,0.1589694042777908,37,0.13156491127369152,23,0.02904040404040404,19,0.023989898989898988,339.7462121212121,325.1489898989899,310.88076418967444,197.63129681466742,1297.0,688.0,50.0,2.8162002629395593,user21,session_0200062241,test,0
953,855.688000202,82532.60731712983,357.00651494361495,1272.915419045637,9113.001235063442,3.1948885463766734,31439.292012598147,241952.41478182634,5.401075895594285,0.22346860303022723,51,0.059601163026664586,14,0.014690451206715634,42,0.04407135362014691,395.84679958027283,436.16894018887723,303.7929200453551,222.49135522963996,1363.0,767.0,50.0,1.1137236934198305,user21,session_0334337435,test,0
1364,280.950999975,55425.53693930727,200.24356856041166,629.6870305145117,5000.0,6.6445889981984685,5117.62086577074,30190.084708067287,4.650935075002421,0.22642620289986354,90,0.32034055763463565,50,0.036656891495601175,75,0.05498533724340176,329.15102639296185,275.62390029325513,169.61803554262008,167.61110365840761,1015.0,767.0,50.0,4.854939117929367,user21,session_0477165267,test,0
1421,528.141000032,52358.87635035049,241.87842961869882,591.5357182417946,5000.0,36.76472804932048,2245.990182648038,5377.022544568429,4.38558975803859,0.15551263886071442,77,0.1457943995927879,131,0.09218859957776214,88,0.06192821956368754,886.167487684729,517.0387051372273,390.63858709929997,192.01387653643033,1919.0,1019.0,50.0,2.6905693743032675,user21,session_0486100880,test,1
1890,770.695000172,90409.42968229472,245.753443767757,649.6620728647378,5000.0,28.279282327780948,2192.0565257721983,6011.116233618919,5.00500588971707,0.22276120389730183,80,0.10380241208538524,99,0.05238095238095238,106,0.056084656084656084,238.15238095238095,301.5687830687831,146.8940697078833,160.77734598045632,1361.0,743.0,50.0,2.4523319855172265,user21,session_0489826159,test,0
632,237.123000145,42235.87009688469,346.1115346819651,872.1583022909426,5038.461676285633,29.218821984456987,3346.8774481799387,8365.616355424443,5.822089599771611,0.1834391710277649,45,0.18977492682060634,3,0.004746835443037975,32,0.05063291139240506,318.4651898734177,258.8939873417722,237.96114704434004,169.41402644650648,1113.0,641.0,50.0,2.6652834166805155,user21,session_0733542929,test,1
840,174.953000069,34003.21204999839,247.3098371703394,635.7102426124826,5000.0,24.595218339575627,2702.1699903230283,8210.59036058957,5.357284900775291,0.17923033445272787,43,0.24578029518236988,15,0.017857142857142856,34,0.04047619047619048,394.3690476190476,400.7369047619048,196.82308021401397,216.93836932585182,1171.0,746.0,50.0,4.801289487283505,user21,session_0900979755,test,0
487,85.1480000019,19543.899661432446,308.79124664721064,1047.0635165725444,7961.454821884331,18.01800810973681,33168.18494347838,257907.00905494086,5.313259053515619,0.21044588507884088,35,0.411048997031275,14,0.028747433264887063,17,0.03490759753593429,262.25256673511296,378.6365503080082,160.31727759174032,157.3115743310956,1181.0,660.0,50.0,5.719453187263741,user21,session_1065465945,test,0
1697,789.291999817,62790.90418893993,247.55367855289174,652.0192246068756,5000.0,30.303000765259217,2367.0325725721787,6495.746220383235,4.977466806293656,0.21434762407830954,86,0.10895840832029133,71,0.041838538597525045,107,0.06305244549204478,239.91455509723042,226.64938126104892,216.23577580344258,154.10867119168978,1353.0,758.0,50.0,2.15002812697133,user21,session_1193964670,test,0
1253,422.930000067,50041.0751611747,263.11272132922204,724.674513016337,5408.80569078042,23.412663930565643,2994.032141359729,10365.972289552792,4.700743954191504,0.16172163709295376,100,0.23644574748577338,23,0.018355945730247406,80,0.06384676775738228,313.25059856344774,334.36711891460493,233.49930956115483,197.93812794973442,1353.0,766.0,50.0,2.9626652159967404,user21,session_1376706431,test,1
2019,465.104000092,121197.870966652,232.16687180548615,616.3496167313402,5000.0,19.110993827865794,2010.223335402955,5748.228450352974,4.9720535304988145,0.1957563884536665,118,0.2537066978066389,77,0.03813769192669639,104,0.05151064883605745,265.7632491332343,283.4338781575037,155.302892825163,167.10824181062307,868.0,767.0,50.0,4.340964600606814,user21,session_1809941518,test,0
301,100.302999973,58223.56170619076,695.829190770962,1848.4640729899402,10689.01024736217,87.07113393160017,6231.141782942903,17449.398687660894,4.8993151409603835,0.11710657701654466,8,0.07975833227474229,11,0.036544850498338874,15,0.04983388704318937,982.7707641196014,507.4983388704319,539.5704006668152,306.3895627528753,1844.0,855.0,50.0,3.0009072518371784,user21,session_2037079652,test,1
1524,1296.36999989,450777.7831786938,260.78292620837203,708.8478609391171,5000.0,12.302617563481295,2422.9941313017302,7021.882433117723,3.544162745472475,0.1488428503170059,106,0.08176677955290107,28,0.01837270341207349,62,0.04068241469816273,530.0754593175853,554.9455380577427,2389.803494467318,2369.4424191904864,65535.0,65535.0,50.0,1.1755903022511436,user21,session_2305469177,test,1
1650,471.815000057,334403.0639097286,467.02212483434255,1106.2332166858228,6617.520081162312,62.55966739929744,4331.125110885509,11135.240173625285,4.862410087280731,0.12408839734953245,89,0.18863325665620614,72,0.04363636363636364,75,0.045454545454545456,423.0242424242424,459.31939393939393,1637.8994022244894,1620.9945851000948,65535.0,65535.0,50.0,3.4971334099184284,user21,session_2383353199,test,1
276,120.80099988,21246.30572033178,328.1062393833577,829.8006532403828,5065.373296480231,31.048256109404157,2864.474022415513,7675.588827159719,4.84761434621812,0.19150933527881533,10,0.0827807717645855,4,0.014492753623188406,24,0.08695652173913043,475.0289855072464,369.8369565217391,215.31816431517797,182.37094727797844,888.0,762.0,40.917330363684954,2.2847493007025594,user21,session_2472958094,test,0
2117,3418.09300017,150345.4477752506,385.2657365431934,1161.4812487597558,9020.657022602145,28.748006170081702,4887.669823894623,21528.93125214376,5.136088694972598,0.19402092510236552,91,0.026623032198209377,61,0.028814359943316013,123,0.05810108644307983,371.37411431270664,285.4917335852622,326.34371898551524,184.59246112408223,1363.0,767.0,50.0,0.6193511996001017,user21,session_2476629136,test,0
1911,408.832000017,124640.76450602981,282.3835606567572,897.0920160902867,6073.478079699393,30.406489065099173,2665.6860418162983,8914.638220962506,3.922395266962391,0.1301727199040321,74,0.1810034439498937,25,0.013082155939298797,67,0.03506017791732077,269.10779696493984,361.8383045525903,258.1421599839225,209.2462977161347,1279.0,754.0,50.0,4.674291640381715,user21,session_2547686354,test,1
1118,292.105000019,52565.72692980517,291.8357146945657,693.8261551588023,5000.0,53.534587480647254,2825.5619810068006,7453.359213943356,5.26489162581765,0.19460852549572744,47,0.16090104584633225,31,0.027728085867620753,59,0.052772808586762074,451.3381037567084,402.68157423971377,280.47457255887906,208.10949927582735,1344.0,767.0,50.0,3.8273908352382864,user21,session_2681498481,test,0
1343,331.878000021,72120.50797778685,346.11812448027456,1158.2019054754012,9683.91013988617,29.167396910131618,5964.751367683833,34932.22787887231,5.525168716401067,0.1997786952840941,48,0.14463146094939328,49,0.03648548026805659,76,0.05658972449739389,362.88384214445273,357.4043186895011,205.00727310600362,170.12049612087026,1276.0,767.0,50.0,4.046667751146566,user21,session_2776997709,test,0
820,248.386000156,57757.638982058656,422.93572738339697,848.4576754414219,5618.675786590622,87.74705529812796,5472.961208385531,22755.38390505037,5.87476409963476,0.1228817101889448,41,0.165065663822638,4,0.004878048780487805,22,0.026829268292682926,406.890243902439,313.21585365853656,238.6186235895052,187.75618329029604,1363.0,767.0,50.0,3.3013132764527597,user21,session_2778964895,test,0
2168,448.531000137,235270.4893604787,430.85895684996404,1177.089749354412,8011.9346861767035,42.4718690806614,3821.7141151160413,10607.770231320555,6.192752831493677,0.1848109768564723,97,0.21626152923738198,38,0.017527675276752766,85,0.03920664206642067,405.1033210332103,354.0779520295203,339.25158192078993,230.32277047647088,1363.0,767.0,50.0,4.833556653470558,user21,session_3290502212,test,0
1667,337.615999937,60540.70300563409,221.10495319995877,548.9093630609416,5000.0,31.962071873364792,1967.6679086263014,4871.046306745609,5.001750694107442,0.18428352108355586,121,0.3583953367807773,71,0.04259148170365927,75,0.04499100179964007,389.870425914817,368.1499700059988,206.95965241150046,176.50589689059672,1102.0,767.0,50.0,4.937562201764923,user21,session_3318991223,test,0
640,319.878000021,216024.5557280815,332.1281864605897,783.0460339127123,5039.454483776247,41.580111203339584,3032.25356711239,7685.798665182269,6.531133963275016,0.18283195850396106,35,0.1094167151154573,12,0.01875,26,0.040625,496.0265625,468.5421875,2590.029103149591,2586.641288069725,65535.0,65535.0,50.0,2.0007627906826477,user21,session_3382231612,test,0
528,218.52699995,24316.464246548174,330.3040202820503,733.4712372442943,5000.0,55.4513180525917,3295.38523570828,7659.587234806992,5.562483389056976,0.16606490947294356,21,0.0960979650331762,17,0.032196969696969696,16,0.030303030303030304,364.45454545454544,335.45454545454544,286.5781397595223,181.90611518612556,1073.0,767.0,50.0,2.4161774065484303,user21,session_3473124800,test,0
838,149.605999947,20195.911688329143,143.47026042576613,305.82350629115564,5000.0,17.492857195300743,930.35641302269,1941.77264154958,3.594079754109096,0.185111923724536,69,0.46121144890207755,19,0.022673031026252982,32,0.03818615751789976,276.4272076372315,336.01909307875894,232.96609877322823,157.08819100904154,970.0,559.0,27.385749808470027,5.6013796257962465,user21,session_3567705649,test,1
206,36.9659998417,8638.306687268112,334.5896631069546,740.8171953400731,5000.0,41.61469583333354,3382.1754190329298,8053.391138507618,6.830077338772817,0.16089479273561533,17,0.45988205574850755,10,0.04854368932038835,6,0.02912621359223301,206.80582524271844,220.8398058252427,93.06489299066772,152.60974801189732,567.0,564.0,40.730401249270685,5.572688440246621,user21,session_3735387695,test,1
664,180.120000124,35652.55411140389,335.4009805850412,754.3573097666899,5000.0,52.667716620504486,9015.33240862241,58207.81544063675,5.39416905790201,0.13272513777970554,41,0.2276260269363445,15,0.022590361445783132,19,0.0286144578313253,474.828313253012,305.98192771084337,212.70902390411788,168.19845611125254,1353.0,742.0,50.0,3.686431265505677,user21,session_3985625607,test,0
1437,287.842000008,48672.56930179153,201.7076647532798,633.9283452769849,5000.0,9.99998569002075,1954.8634753407023,5985.912240073977,4.731783038891778,0.18540010171522883,198,0.6878773771530804,78,0.054279749478079335,57,0.03966597077244259,356.9937369519833,370.54697286012527,286.5716317084137,187.86884626745186,1194.0,767.0,50.0,4.992322176610993,user21,session_4282931799,test,0
1749,608.214999914,83935.10744535911,298.08222788097856,823.954788264035,6143.236470414833,35.16961006938719,3717.470020808095,14289.565096098817,5.1801102938079255,0.1683809751455542,103,0.16934801018482595,33,0.018867924528301886,56,0.03201829616923957,300.94168096054887,313.67409948542024,291.8781347877837,166.07009327125346,1348.0,688.0,50.0,2.875627862264666,user21,session_4741380705,test,0
2132,1172.26200008,119612.02513250534,313.3412712402789,766.1467808483342,5000.0,30.30303833791905,2836.0217476064217,7195.854471087154,5.2964817981763606,0.19494623688688273,98,0.08359905890774594,70,0.03283302063789869,89,0.04174484052532833,277.3081613508443,289.14118198874297,239.80740800057302,178.66368829944918,1330.0,767.0,50.0,1.8187060570542282,user21,session_4803913319,test,0
420,133.940999985,10027.312937046283,157.1327127231623,427.80307405325124,3798.3494339089143,21.11460713354454,1354.2265379064772,3976.127499401945,5.295420693751943,0.2738297490042054,14,0.10452363355184638,13,0.030952380952380953,30,0.07142857142857142,182.30714285714285,289.6357142857143,129.9622983568846,103.63716383906656,755.0,535.0,50.0,3.135709006555391,user21,session_4873496968,test,0
1375,364.68599987,45763.95082936822,208.5356609954348,500.17992756973604,5000.0,22.471913521020767,1511.301950624324,4008.555658699971,3.423712838938155,0.1880482712811112,84,0.23033513770735253,33,0.024,69,0.05018181818181818,315.7716363636364,310.6290909090909,210.6172537547627,186.88646896619306,1084.0,767.0,50.0,3.7703668374715447,user21,session_5035531254,test,1
939,155.856000185,38303.492081740726,258.65928084447967,687.805394840317,5000.0,28.844410203711913,2792.63966406693,8680.152231390717,5.4501255419585615,0.1669395886700865,49,0.3143927724427506,55,0.058572949946751864,27,0.02875399361022364,437.6570820021299,282.68157614483493,199.0174414049529,145.04113008039178,964.0,739.0,50.0,6.024792108647812,user21,session_5158497089,test,0
365,965.375999928,41400.04318138494,439.61671708548266,1176.0684684989142,6878.146034630853,33.384721667368744,3850.7582872865414,10242.809450435565,4.317067769769986,0.1154555995822216,17,0.017609718908764976,2,0.005479452054794521,7,0.019178082191780823,499.4931506849315,399.23561643835615,377.54383790610336,225.47700192772214,1599.0,892.0,50.0,0.3780910236293657,user21,session_5226344095,test,1
947,160.96600008,52742.19878691678,281.274882475568,680.9168032690471,5000.0,45.17310094929957,2291.1586440276383,6025.326082522371,5.8127951303365,0.22068433850596564,42,0.2609246671913698,11,0.011615628299894404,37,0.03907074973600845,225.5248152059134,356.6663146779303,148.16627625575063,180.00961495179433,888.0,692.0,50.0,5.88322999595779,user21,session_5764163634,test,0
154,44.4749999046,3232.5285451968625,156.74147350847142,474.8736459179961,5000.0,25.536079539135358,1092.2453535462168,2937.1209401725014,4.255455605519973,0.18268488870770078,8,0.1798763354055133,1,0.006493506493506494,8,0.05194805194805195,294.9025974025974,358.0064935064935,128.536954299767,137.95355364793878,513.0,564.0,10.209090292958686,3.4626194565561303,user21,session_5896454946,test,0
577,99.6080000401,23109.08759124546,272.1705389599928,553.5165649105414,5000.0,43.581324997577084,2474.1424807654644,5329.574881290413,5.07041146857344,0.16960795917693747,38,0.3814954620582888,11,0.019064124783362217,18,0.03119584055459272,363.80242634315425,207.71750433275562,227.71670645097694,154.0551226721741,969.0,750.0,41.951799922837445,5.792707410727175,user21,session_6350129821,test,0
698,224.806999922,64394.69327363726,379.45614743474397,1097.3378157285863,7169.270122101609,39.79318123895946,3184.985152294835,9888.200195037392,4.723819821191807,0.12579535760631874,36,0.16013736232630976,20,0.02865329512893983,17,0.024355300859598854,398.3194842406877,477.5458452722063,323.3653644137844,224.3609673333819,1406.0,870.0,50.0,3.104885525104561,user21,session_6410652005,test,1
180,90.103000164,199630.22652661856,3505.331676168764,21321.8232853205,169149.18702246717,208.0284080125752,440429.7996508513,3094314.824197503,8.551424076748804,0.11551077063551034,6,0.06659045746622383,21,0.11666666666666667,4,0.022222222222222223,707.6,649.3222222222222,4864.694464215364,4867.349405044631,65512.0,65515.0,50.0,1.9977137239867149,user21,session_6723163956,test,1
640,177.587000132,42390.25264032601,381.53138117280537,901.9345390690327,5417.417999152291,39.709281022266865,3559.725751071882,9013.488559121079,5.207846146056504,0.17571666314140177,28,0.15766919864172302,16,0.025,18,0.028125,612.7359375,230.8015625,408.02439472131516,207.46319242310747,1324.0,688.0,50.0,3.603867397525098,user21,session_6747468371,test,0
1388,548.203999996,58290.81541269686,325.9341087072011,858.532919071763,6088.385649303007,34.88226933338423,3726.6522943029604,10593.269790006185,4.9273390076867,0.15890903202131745,118,0.21524833821143405,26,0.018731988472622477,87,0.06268011527377522,408.71469740634006,352.2680115273775,166.61464681608956,208.005664299004,1106.0,1079.0,50.0,2.5319041816734784,user21,session_6803917267,test,1
1199,804.392000198,77605.32748974988,450.1992683510268,1101.362896089781,7274.734904422621,46.729026989298426,4513.518045058466,11958.54392998726,4.5956287064336685,0.11803975003708643,94,0.11685844709651765,8,0.006672226855713094,72,0.060050041701417846,346.51209341117595,387.4995829858215,233.46523225094552,307.7039963565351,1891.0,1079.0,50.0,1.490566787965156,user21,session_6891188294,test,1
823,699.638999939,49183.839133603135,374.0824560657038,955.5913400036583,6506.862503927212,50.929794699895744,3499.772900111899,9634.498165884417,6.113932954847261,0.16337124869835504,45,0.06431888445887587,45,0.054678007290400975,26,0.031591737545565005,680.400972053463,377.0984204131227,243.5587472391788,217.19661848248683,1344.0,767.0,50.0,1.176320931325663,user21,session_6905592155,test,0
922,2076.41899991,225235.10848043708,261.50246877870563,668.5532224162391,5000.0,20.0144752408989,2564.7716381980104,6683.32098964298,4.180084085391345,0.16552475147000942,107,0.05153102529144542,14,0.015184381778741865,81,0.0878524945770065,507.117136659436,398.6616052060738,2178.997410466571,2160.8460281704893,65535.0,65514.0,50.0,0.44403369456740815,user21,session_7053852427,test,1
1219,427.511000156,84407.48314348322,388.6359834798229,882.6679935501211,6195.639629625819,69.36412295768861,3842.2283595263707,10296.247542367906,5.770430719617669,0.13552898289624232,66,0.1543819924537998,16,0.013125512715340444,30,0.02461033634126333,472.3527481542248,311.3207547169811,256.12697666575264,178.91264250842596,1363.0,767.0,50.0,2.8513886181997266,user21,session_7208965815,test,0
1485,606.613999844,119572.1304217385,458.9999164260587,994.9763032552663,6405.611767774379,68.02930361974282,4217.74542672595,10599.877310707054,5.194008744649274,0.12760708728553857,85,0.1401220545880231,31,0.020875420875420877,58,0.039057239057239054,514.8188552188552,308.6727272727273,286.04008007103545,193.80290677601977,1363.0,767.0,50.0,2.4480147183907564,user21,session_7288721890,test,0
1681,337.220999956,40883.022001940495,137.6108223894257,466.292894649108,5000.0,19.61461727281418,1377.4316155882086,5070.115486144126,3.303030498560958,0.15667036159370584,68,0.20164817733436682,27,0.016061867935752528,51,0.030339083878643664,273.2111838191553,294.62641284949433,205.60513767110126,152.87620144617927,1134.0,759.0,50.0,4.984861560280451,user21,session_7756203951,test,1
1244,288.645999908,33528.46068905264,187.7604833061457,421.0079373348244,5000.0,38.02419554829707,1539.687834729119,3396.383444087786,3.652845908717802,0.2194342165613132,50,0.1732225633334135,37,0.0297427652733119,84,0.06752411575562701,586.8030546623794,346.15996784565914,186.55180897631334,125.95082353376031,1121.0,662.0,50.0,4.309777375735328,user21,session_7800887945,test,1
1667,489.791000128,93339.33173734049,415.9757349089822,841.4268706236084,5252.207715785954,81.58894958057572,3844.6671812407835,8440.250776476163,5.6199031968010535,0.15426188056928725,108,0.2205022141521092,42,0.02519496100779844,84,0.05038992201559688,304.5860827834433,363.92141571685664,287.79493082254805,215.54421575828493,1363.0,767.0,50.0,3.403492509181167,user21,session_7953065762,test,0
965,367.25,27019.84029571268,201.52321522901354,591.1093892440902,5000.0,28.571423401364804,2097.7428114092836,6793.116752742296,3.5386437047799544,0.13490577992178615,38,0.10347174948944861,22,0.022797927461139896,45,0.046632124352331605,315.39274611398963,289.90673575129534,219.94875900156995,170.01036582449203,1256.0,753.0,49.45760514807659,2.627637848876787,user23,session_0071280153,test,0
1042,254.680999994,44446.14166322909,247.25442609022357,834.8677361602603,6857.10322892058,33.32641437584067,2291.9241194633837,8461.76128299712,3.948727102213165,0.14535734825866498,51,0.20025050946557263,9,0.008637236084452975,46,0.044145873320537425,356.2581573896353,354.4443378119002,214.32008425830335,201.58181685662322,1279.0,706.0,50.0,4.091392762022092,user23,session_0139259699,test,0
1720,7317.44499993,65606.20134959255,283.8618144992075,649.8489405465224,5000.0,51.93277829192523,2332.3805218646953,6187.531835773865,3.838975537661077,0.15084919597418392,99,0.013529312485566622,69,0.04011627906976744,121,0.07034883720930232,404.06337209302325,402.1127906976744,319.27805969442204,239.96944264286995,1599.0,899.0,50.0,0.2350547219714605,user23,session_0542118784,test,1
1222,418.108999968,73766.19870492863,404.1015758618661,990.0562837711384,6942.012261755466,65.33755041608566,10604.052369141482,67962.54724742837,5.1394460559180635,0.1258437667908156,80,0.19133766555162124,44,0.03600654664484452,35,0.028641571194762683,381.98936170212767,469.537643207856,342.2990474546663,238.29731765997994,1919.0,1079.0,50.0,2.9226828413010146,user23,session_0590731055,test,1
1270,466.361999989,55836.97557141463,281.1060864864667,657.4950618801071,5000.0,60.69111274838759,2255.553159218541,6522.078272826165,3.7874655522909144,0.11714637310221393,63,0.13508819329509258,39,0.030708661417322834,45,0.03543307086614173,356.48425196850394,300.72519685039373,275.356760039552,201.83919332853864,1279.0,799.0,50.0,2.723206436266152,user23,session_0697506648,test,0
1640,1071.05699992,159384.91917797428,351.06293300545644,1330.6917414925408,9546.247314861846,7.767014419040266,16140.999307945931,133478.90882458043,4.10202767351345,0.13279987120409806,109,0.10176862670067185,26,0.015853658536585366,61,0.03719512195121951,463.14146341463413,377.94146341463414,402.80770636898535,248.27011552470972,1919.0,1079.0,50.0,1.531197686138549,user23,session_0750796173,test,1
239,1743.53900003,24307.366155296277,455.5394829783777,1001.7105518208396,5244.916476628374,47.65444409392731,4547.074352740708,10709.198749051502,4.378138128555044,0.1367284126417303,13,0.007456099347233597,0,0.0,7,0.029288702928870293,783.7196652719665,599.6778242677824,473.3428333554477,341.0125936735853,1823.0,1056.0,38.6282512098315,0.13707751876837151,user23,session_1414301302,test,1
513,146.687000036,17404.9816008761,163.3821778804193,493.8623420938503,5000.0,5.747866935464773,1530.8289555719905,4070.668512407313,2.5589333319780394,0.1397776814943905,36,0.24542052118568694,3,0.005847953216374269,35,0.0682261208576998,303.00584795321635,328.90838206627683,239.33582815284814,169.5301451228807,1357.0,662.0,50.0,3.497242426896039,user23,session_1581692104,test,1
2171,1918.60300016,102078.10802172434,271.458284692013,752.2815827898546,5733.060707510743,37.03703978049495,2338.5398251668194,7635.615772635953,3.5160842727079533,0.12526655026741748,145,0.07557582261046598,40,0.018424689083371717,92,0.04237678489175495,436.7609396591433,378.38277291570705,355.700617738797,211.14844289767768,1279.0,799.0,50.0,1.1315524888780804,user23,session_1783392506,test,0
232,36.1879999638,13528.822668919745,1038.1882947031738,5791.122536690894,51080.69448425264,41.32177847964954,454119.9827903553,3879117.504366567,4.938793641559539,0.12608588692712627,14,0.38686857560530125,5,0.021551724137931036,8,0.034482758620689655,432.78879310344826,371.0818965517241,317.87412528789037,177.86333393449107,1541.0,704.0,15.400950439498407,6.410964967173563,user23,session_1799284692,test,1
1823,376.108999968,76335.35181982207,266.45692508024837,728.3177003704608,5000.0,14.822726792143284,2806.9808014017935,7938.347844215192,5.764220192805326,0.20254607884612572,203,0.539737150712351,192,0.10532089961601755,120,0.06582556226001098,401.98409215578715,351.9862863411958,328.5702424860633,236.7746832647094,1363.0,767.0,50.0,4.846999141618797,user23,session_2020107805,test,1
2104,558.779999971,145839.63209078496,384.03362836264284,1209.4688973527066,9731.683343979279,42.553980580441134,8324.97777251198,52866.07770873142,3.7256322777455053,0.11996753089262127,72,0.1288521421735508,49,0.02328897338403042,126,0.05988593155893536,1084.1188212927757,536.0855513307985,363.3948598989638,328.88067390826853,1891.0,1079.0,50.0,3.765345932404873,user23,session_2222178768,test,1
514,79.8629999161,7981.330307805978,123.87230666352932,457.5523649456612,5000.0,15.022376710519115,2837.049331188036,14843.557897465656,5.607858487265463,0.17150608856490016,47,0.5885078202593919,59,0.11478599221789883,9,0.017509727626459144,242.99610894941634,461.76459143968873,116.09045670026885,106.94397902744511,532.0,368.0,50.0,6.4360216939005825,user23,session_2676613576,test,0
732,310.822999954,24959.729191230348,161.54197681823098,440.9516607199172,5000.0,27.959375751527755,1231.0927101556267,3314.2539475965887,3.123470408076355,0.1154125471239249,22,0.07077983290572407,17,0.023224043715846996,29,0.03961748633879782,350.60928961748635,251.974043715847,296.37044298618656,132.28824033872402,1256.0,775.0,29.292830493338446,2.3550380766813643,user23,session_2806235778,test,0
339,75.7909998894,5983.367502345008,127.70550883469662,465.5116362502911,5000.0,23.720739814312132,1582.7783932119298,7476.576538116054,3.9339261214030756,0.22781421375321778,10,0.13194178747599006,0,0.0,25,0.07374631268436578,260.9852507374631,323.3834808259587,264.91402494057957,100.35160299342988,1163.0,368.0,50.0,4.472826595436063,user23,session_2887480941,test,0
1461,228.529000044,108794.46109495127,351.03191454058714,1261.0128344245343,8677.796957685532,31.249994873047264,9807.574703630322,68347.62479875359,4.845858349889423,0.1273230903548462,76,0.3325617317074301,103,0.07049965776865161,37,0.025325119780971937,359.5681040383299,413.32169746748804,210.4090902407104,169.36946887736752,802.0,775.0,50.0,6.3930617108494125,user23,session_3173348385,test,0
1124,876.558000088,41936.46215485985,267.59618170726657,620.5605906725973,5000.0,56.66612901233356,35887.228628444485,326629.64787863503,4.751682905842489,0.13422202765756702,58,0.06616789761108476,86,0.07651245551601424,43,0.03825622775800712,382.56405693950177,329.9519572953737,242.84488632417737,215.36591365337367,1263.0,799.0,50.0,1.2822882226699872,user23,session_3193098342,test,0
1339,1543.02700019,88473.36852518847,355.0580612874642,783.3067406426868,5000.0,40.42260417268684,3330.114982902348,7556.87033024281,5.137325947996352,0.13086947044616148,113,0.07323267835629953,4,0.002987303958177745,54,0.040328603435399554,245.88050784167288,329.6572068707991,212.8202306734427,187.2204995170862,1363.0,767.0,50.0,0.8677748346821686,user23,session_3436410606,test,1
415,317.886000156,21205.196792689225,272.57500566052823,646.9184478750655,5000.0,29.832756048193723,2817.058287008743,6720.1485927844,4.739678574761292,0.18288188259622493,34,0.10695658186681631,0,0.0,8,0.01927710843373494,431.9710843373494,276.89156626506025,322.40706878485867,134.27162714526307,1352.0,601.0,40.201097136371736,1.3054994551390815,user23,session_3496233301,test,1
1052,287.172999859,30143.824720411336,209.0204222208293,501.5924319978483,5000.0,46.27864572091647,1532.8137366198803,3568.7803759957146,3.7416000113844703,0.18008767417894023,53,0.18455774054671797,25,0.02376425855513308,53,0.05038022813688213,232.6796577946768,275.7851711026616,219.17062559861245,178.61819080449075,1351.0,755.0,50.0,3.6632970387763644,user23,session_3760606976,test,1
1421,322.442000151,48329.90733502492,238.0634824769288,500.498207922599,5000.0,58.4592492073661,1807.5843825627592,4347.058253117463,3.8902012993097865,0.12402949634069664,83,0.2574106349704164,36,0.025334271639690358,55,0.03870513722730472,432.4229415904293,311.8859957776214,271.12328001532904,200.0472928790857,1266.0,799.0,50.0,4.406994124011586,user23,session_3777853846,test,0
992,905.748000145,58931.483379290396,439.24013503895424,1865.0482116930912,16569.12537703991,17.22493207472172,90090.46842414768,810766.5453056198,3.9089971935474517,0.11393774892073275,60,0.06624359092197242,56,0.056451612903225805,53,0.05342741935483871,773.2691532258065,297.68649193548384,413.8903259967208,212.04659232070995,1919.0,1079.0,50.0,1.0952273699099442,user23,session_3922157039,test,1
239,41.638999939,4814.153488179077,124.80771343393941,358.34052954062645,5000.0,25.253816195557008,775.0060765069908,1512.630393204473,2.837806902830969,0.16066673450828578,19,0.4563029858506324,5,0.02092050209205021,15,0.06276150627615062,287.4979079497908,298.6610878661088,102.09012637453225,134.21777030646302,453.0,470.0,18.0828594207652,5.739811243068481,user23,session_4088744338,test,0
1650,2045.73600006,127215.17656455559,387.1287024579998,1154.3330123957303,8546.868981818598,20.92997689515844,24456.8894390183,207002.96530473648,4.261854641085223,0.11837409327147391,113,0.05523684385310998,131,0.07939393939393939,89,0.05393939393939394,576.6848484848484,442.7369696969697,343.0768779163529,229.38500297658763,1795.0,1079.0,50.0,0.8065556845808094,user23,session_4144841412,test,1
1552,754.674999952,64876.026202715264,299.669749899363,712.5569852098257,5000.0,31.14141887622994,2886.7885069023246,7150.75265266951,4.786222738938908,0.18164558850263612,134,0.17755987677943866,16,0.010309278350515464,128,0.08247422680412371,321.64819587628864,312.8743556701031,184.12836101501685,218.15214599072425,1359.0,767.0,50.0,2.0565143937439463,user23,session_4185228735,test,1
237,40.7129998207,6707.225511026859,307.37386951731906,920.5174244401537,7001.982437671294,58.3333310145834,5231.181282077264,25206.931274218292,4.198886117335877,0.17441055266322603,13,0.31930833044118545,0,0.0,12,0.05063291139240506,454.71729957805906,436.6244725738397,452.0940170476755,179.43916369163114,1249.0,692.0,12.200197443527317,5.821236485735458,user23,session_4199921692,test,0
1834,531.419999838,96835.37362697406,327.86750854524814,1200.9209466068237,10164.249667553848,34.7898265935142,7799.823209652437,47133.79385581409,4.287679726156569,0.1197056845792362,95,0.1787663242425203,29,0.015812431842966195,39,0.021264994547437296,404.97055616139585,309.38331515812433,286.14078727413505,150.0435789204449,1279.0,799.0,50.0,3.451130933271392,user23,session_4354218638,test,0
1897,407.758999825,83203.07159881658,277.1014475296384,686.7549948814503,5000.0,68.71835608465938,2420.993426041682,7307.950105639115,4.263381542028451,0.12112603466622199,105,0.25750504598319934,26,0.013705851344227728,62,0.03268318397469689,283.1207169214549,310.5651027938851,250.8181269019608,176.1525671226666,1278.0,687.0,50.0,4.652257830763135,user23,session_4484768740,test,0
1906,490.687000036,64653.97730079551,212.57460566613133,614.8510700866518,5000.0,31.153258710797942,3393.158066343903,18741.91320056639,3.437739797169297,0.13315344506020874,97,0.19768202539069396,8,0.004197271773347324,101,0.05299055613850997,440.3803777544596,349.1211962224554,323.54519391756355,165.0434938359308,1279.0,789.0,50.0,3.8843499009759044,user23,session_4736309542,test,0
753,151.703000069,24730.59571937943,228.8780278929031,397.7354543560383,5000.0,62.50001661659121,1615.9793104545677,3318.3651598227584,3.482498564818361,0.11549180924881794,44,0.2900404077703619,9,0.01195219123505976,22,0.029216467463479414,416.4993359893758,217.00531208499336,242.66467935940133,119.39009444922678,1041.0,591.0,32.685784485465696,4.963646069342784,user23,session_4998803513,test,0
1232,250.504999876,30418.868307304227,160.29560211373038,518.0711044758784,5000.0,19.58636061890775,1538.3488099105648,5242.645261983083,3.966207255326113,0.16305334767302607,87,0.3472984572885372,19,0.015422077922077922,58,0.04707792207792208,353.64123376623377,290.43668831168833,178.35441815977487,149.59523254459594,1210.0,769.0,28.20655071298292,4.91806551010894,user23,session_5090921415,test,0
1273,284.187999964,36047.64003303631,228.7525847918702,536.2567093470429,5000.0,71.98445125114017,2110.533902506421,6329.803818575104,5.276700936929733,0.15965890485734688,39,0.13723309923339616,25,0.019638648860958365,49,0.0384917517674784,477.6292223095051,290.91280439905734,207.6242656489501,164.22245162390254,1006.0,721.0,50.0,4.4794291108747,user23,session_5130764696,test,0
1059,263.621999979,36694.43560941526,272.58604205638056,732.2653282230307,5053.1644177740545,28.569977305917565,2990.274559850297,8127.752465685112,7.223914858646946,0.28370070067138875,81,0.30725811960478416,67,0.06326723323890462,73,0.06893295561850803,343.1029272898961,252.01322001888573,194.23459832898007,182.99539235917345,1541.0,808.0,50.0,4.01711541557366,user23,session_5138848212,test,1
663,149.609000206,8369.501554092374,113.63391452446162,452.886572503386,5000.0,26.7857170360328,1268.6079884919523,5554.5089972336655,4.19669096394413,0.19976489120032748,42,0.2807317737714259,2,0.0030165912518853697,39,0.058823529411764705,147.96229260935144,199.6214177978884,83.66165184779803,93.5357338041934,359.0,372.0,50.0,4.431551571677509,user23,session_5222969532,test,0
397,111.888999939,28757.83795685303,412.85527861450805,842.6812722468852,5000.0,49.50507938804744,3485.548484298878,7708.70473830145,4.382275979198945,0.11134547015891144,21,0.18768601034461696,34,0.08564231738035265,22,0.055415617128463476,371.94458438287154,207.83879093198993,302.9420169078949,219.14421294485814,1363.0,767.0,50.0,3.5481593384196635,user23,session_5536570637,test,1
677,130.687999964,15420.86205086207,241.89716336717788,915.7622010905775,7541.831393251809,20.486073034147665,113057.1992343969,810079.1800536037,4.892148031850603,0.1603439238388391,48,0.3672869736565127,30,0.04431314623338257,25,0.03692762186115214,319.27769571639584,306.90989660265876,99.55156697405678,137.36527290668823,518.0,454.0,50.0,5.180276690947064,user23,session_5567012419,test,0
1219,463.069999933,267598.32088414114,335.154669319068,818.1684506773987,5000.0,35.42872725751561,2888.5715155925936,7345.92643347266,6.175490880346836,0.18786072557593053,81,0.17491955862336064,62,0.05086136177194422,46,0.03773584905660377,375.66201804758,364.5955701394586,1890.1638391621993,1878.6598946282943,65535.0,65535.0,50.0,2.6324313822453904,user23,session_5652085012,test,1
2460,1561.32099986,173631.1160142681,318.8059600666589,1121.0869156702154,8531.923995249103,5.917161516868742,3163.1096829291764,11572.47354395541,3.4286774633722565,0.14493637945871843,87,0.055722045631744585,70,0.028455284552845527,139,0.056504065040650406,705.2268292682927,588.0987804878049,344.1746990062731,271.869830911557,1918.0,1079.0,50.0,1.5755888764838124,user23,session_5653345386,test,1
502,104.252000093,14451.522145348767,183.3620781249792,481.3233877529945,5000.0,34.42840275747774,1463.6574513105675,4137.155426708165,3.9074082490573936,0.19070070405166717,23,0.22061926849827732,1,0.00199203187250996,26,0.05179282868525897,287.32868525896413,333.51792828685257,217.21875967502217,206.46734644247465,1243.0,722.0,50.0,4.815255338527618,user23,session_5760480696,test,0
484,122.49000001,8761.198911136427,139.87298076024513,297.99126276202145,4006.661503446372,44.33903129153937,885.5780894157965,1994.2582765865197,3.2558252549353908,0.13892726652438575,28,0.22859008896819413,3,0.006198347107438017,27,0.05578512396694215,272.650826446281,289.41322314049586,174.21674459906103,139.77941328984025,703.0,677.0,22.91968239201306,3.9513429664502127,user23,session_5796305508,test,0
910,171.088000059,66579.26544773031,375.02178092816536,1210.8828112952215,8405.066740195593,33.69085356468214,5241.9460310654695,22092.42636391452,4.360181440903157,0.13361822620311675,38,0.22210792099326448,38,0.041758241758241756,27,0.02967032967032967,379.24725274725273,439.5879120879121,234.66677769680246,220.54082556141435,1279.0,791.0,50.0,5.318900213259755,user23,session_5938044199,test,0
1505,547.910000086,46116.38343516177,207.0103645481436,551.7168761202254,5000.0,27.777828780957815,1909.5327638461017,5925.184174170805,4.549099999650203,0.19019102739587734,120,0.21901407161972733,52,0.0345514950166113,69,0.04584717607973422,289.7607973421927,309.6112956810631,165.27411122069105,147.54423608208543,925.0,767.0,48.79053994333348,2.74680148156408,user23,session_5967488943,test,1
1086,376.18200016,33589.23812684551,178.19989472384097,508.42394175578426,5000.0,35.24880601916649,1652.4553450647384,5343.953242833517,4.00662854121327,0.13237242521643577,62,0.16481384003920918,14,0.01289134438305709,39,0.03591160220994475,341.11878453038673,235.60313075506446,255.67087800294692,139.89652512246832,1279.0,799.0,50.0,2.886900488428729,user23,session_6120487222,test,0
715,1801.99300003,81513.27365039672,594.037938571188,1462.43958966607,8478.726778693199,46.5848854037134,5915.319670927264,14578.364776579518,6.206323133115596,0.2022988395067996,39,0.021642703384170035,9,0.012587412587412588,57,0.07972027972027972,605.9076923076923,453.7006993006993,503.4533181618694,367.0533127261812,1919.0,1079.0,50.0,0.3967828953764507,user23,session_6200753435,test,1
857,228.75999999,14889.903838895163,138.96985165396399,501.93501124059054,5000.0,14.814815857339003,10653.075387625273,91765.12920698908,5.123585238478718,0.16380364251523039,72,0.3147403392339019,116,0.1353558926487748,21,0.024504084014002333,252.22987164527422,398.22170361726955,144.83099930256242,140.7292998519282,643.0,668.0,50.0,3.746284315603527,user23,session_6479783256,test,0
869,452.708999872,38657.56288183802,286.6367474814014,643.5506342079476,5000.0,55.41361764424017,2412.6144086992017,6820.7550906432625,4.41810623226899,0.15265441113772749,34,0.07510343291079533,41,0.047180667433831994,21,0.024165707710011506,428.69620253164555,380.82278481012656,303.3675809436306,148.65381608912037,1279.0,636.0,50.0,1.9195553882200334,user23,session_6529033101,test,0
793,3291.99799991,24437.564944796402,258.251307513278,645.7959947330487,5000.0,38.83497950798426,2355.9003529582446,6492.050767081161,4.14093029637216,0.16529526124882732,49,0.014884577694561058,27,0.034047919293820936,48,0.0605296343001261,328.25346784363177,307.43379571248425,180.1947110912439,149.3375809996665,1279.0,799.0,50.0,0.24088714513850853,user23,session_6575637744,test,0
331,97.6390001774,9464.981344160093,209.89106027967722,501.27711317056685,5000.0,32.679764635417605,1697.2844617334788,4141.068278557489,3.9656332037910618,0.18871068618125106,23,0.23556160917472904,17,0.0513595166163142,22,0.06646525679758308,397.5891238670695,270.9335347432024,379.68945093863033,218.68904544875107,1224.0,721.0,24.24655078295783,3.3900388102971877,user23,session_7131856482,test,0
1490,685.473999977,47259.764975544764,210.76676329996337,610.1329287705685,5000.0,12.396903598973442,3005.8845564300163,12526.251437082841,4.022124749453946,0.1693900605925696,127,0.18527325617639953,15,0.010067114093959731,80,0.053691275167785234,268.1322147651007,232.38120805369127,203.97204300474465,157.28740590064206,1599.0,717.0,50.0,2.173678359864845,user23,session_7144916399,test,1
349,247.632999897,18852.925289025137,962.0910564040536,5268.214107637024,47220.6917677609,26.515157641759767,363871.2492926815,2637741.518443696,6.282831920611184,0.15704702326476028,28,0.11307055203323575,0,0.0,24,0.06876790830945559,340.44699140401144,264.43839541547277,255.22231839800193,186.93549447942863,1289.0,764.0,41.70540971053972,1.4093436664142598,user23,session_7398972341,test,1
1467,486.599999905,52299.83115294723,206.75425745265264,556.0799817568901,5000.0,19.047615419500804,1824.7695095223985,4992.538450541086,4.175023867480464,0.18730969113181495,106,0.21783806005074932,81,0.05521472392638037,108,0.0736196319018405,375.492160872529,365.3176550783913,209.5294811034156,212.52949714660744,1342.0,767.0,50.0,3.014796548060842,user29,session_0228122983,test,1
997,234.371999979,38442.51236262833,223.54421426864155,663.8006648493533,5000.0,8.469956417299695,17782.466113588816,145882.13692363753,3.6419147455931635,0.1300479364642265,64,0.2730701619892072,2,0.0020060180541624875,71,0.0712136409227683,341.7301905717151,300.78335005015043,261.6216350782708,188.5845266674985,1251.0,737.0,50.0,4.253921117238119,user29,session_0270940804,test,0
302,238.008000135,15230.412370050013,193.93143495712397,545.9825133983721,5000.0,26.22147571420394,1641.9015462590942,3985.641602150107,2.979580527412747,0.1496411894461366,14,0.05882155218336817,0,0.0,15,0.04966887417218543,361.16887417218544,311.9867549668874,336.57035314478316,220.30487744633365,1900.0,1052.0,44.56270275322833,1.2688649113840846,user29,session_0305606782,test,1
357,467.857000113,17830.984207545072,304.1431882914089,590.5789226526243,3941.1767528462956,60.718859992057624,2771.233428554033,5939.959097193925,5.179432733059533,0.16110121339045314,31,0.06625956220065675,15,0.04201680672268908,14,0.0392156862745098,279.22408963585434,263.53501400560225,229.18574769419945,128.86571719556932,1057.0,767.0,50.0,0.7630536679236923,user29,session_0508486473,test,1
264,76.5590000153,4642.062317310177,125.84569623813182,506.8552801251878,5000.0,12.920382125997012,1574.5327756152383,6589.8208003162235,4.279444216640574,0.22109153987225763,20,0.26123643198060426,2,0.007575757575757576,26,0.09848484848484848,211.09469696969697,246.33333333333334,63.57417249979191,79.96350561769873,384.0,397.0,20.410823429298716,3.4483209021439762,user29,session_0537801506,test,0
1142,267.289000034,65443.79565411282,301.7960924458608,858.8411508477371,5723.521680533829,18.888905628884288,2604.032592747484,7453.667851814981,3.783933043090218,0.18741303420394276,88,0.3292316555818089,49,0.042907180385288964,73,0.063922942206655,256.7802101576182,369.5630472854641,226.25592187765164,246.01408109838218,1915.0,1079.0,50.0,4.272528984936656,user29,session_0743065918,test,0
1844,307.973999977,275190.1871954375,287.0921805461998,1029.9542645067295,8172.967983620109,28.16866972274265,8657.988471867306,62349.97511399942,3.9437618591652437,0.14664806829930196,114,0.3701611175245758,18,0.009761388286334056,73,0.039587852494577004,293.39154013015184,359.8232104121475,1532.941597395162,1527.900894687288,65535.0,65535.0,50.0,5.987518427327348,user29,session_0838891042,test,0
937,211.67200017,32385.060372459302,206.2005070790513,572.2122993986387,5000.0,15.890042407195127,2135.2010139728936,6387.782809424268,4.779015240338691,0.16100904240929426,84,0.396840394254021,46,0.04909284951974386,40,0.042689434364994665,321.56990394877266,298.69263607257204,267.90403162631964,208.2440461979915,1363.0,767.0,50.0,4.4266601120954485,user29,session_0843115603,test,1
1313,939.537999868,35393.42972559639,462.7472708324635,2451.0282736594704,20528.87140579483,6.172837219935867,315752.0504192286,2258305.9348127916,4.553436825427679,0.12987682594978892,80,0.08514823244109293,22,0.016755521706016754,28,0.021325209444021324,285.93602437166794,237.95430312261996,170.12311410499132,170.9892336732199,908.0,763.0,50.0,1.3974953649394377,user29,session_1076519237,test,0
1806,657.394999981,1006708.0315437496,424.38828506002153,1618.637085099437,14112.619914735145,28.09976370944451,8498.900946740929,52292.52840105836,4.872003593631026,0.14032954444832407,130,0.1977502110660368,51,0.02823920265780731,61,0.033776301218161685,520.4163898117387,471.25359911406423,3434.0845985280516,3433.2223170127113,65535.0,65535.0,50.0,2.747206778348173,user29,session_1164286300,test,0
1037,246.678999901,95604.60851610528,462.52941896196575,1103.0116020094772,7885.749305174582,54.845262822477316,3983.7324039880605,10689.185478656513,4.8032362537051245,0.13559309675922138,79,0.3202542576859205,29,0.027965284474445518,49,0.04725168756027001,543.7309546769527,281.579556412729,454.58814566368613,222.8936340304694,1919.0,1079.0,50.0,4.203843863548095,user29,session_1421795197,test,0
1244,211.59499979,28494.61065229744,181.8854417598665,605.6844101164925,5000.0,2.426222382550071,55633.17027205199,438798.3188405462,3.226553172103862,0.13951416787376053,91,0.43006687346257727,30,0.024115755627009645,53,0.04260450160771704,276.7869774919614,274.9590032154341,168.71994663770943,200.0669013390146,878.0,993.0,50.0,5.879155940521386,user29,session_1778570235,test,0
368,97.3789999485,420537.9320415944,581.8724157147554,1359.2288145529235,6726.894046715903,40.83335321182569,4714.3799141756945,12165.156053046378,4.67607365767702,0.12393096540509639,16,0.16430647273500226,82,0.22282608695652173,11,0.029891304347826088,825.0108695652174,734.0407608695652,4807.460078165111,4802.6111109840695,65535.0,65535.0,50.0,3.7790488729050518,user29,session_1819563622,test,0
1368,568.201999903,38298.66356568889,187.20686213000286,517.1327971498828,5000.0,24.450009765137345,1860.1964403934714,4979.591562916112,4.078882868270534,0.15694115645494136,105,0.18479343616869523,14,0.01023391812865497,48,0.03508771929824561,308.155701754386,291.4736842105263,202.96559150611034,184.26690005389733,1053.0,767.0,50.0,2.4075944826550004,user29,session_1896830251,test,0
543,90.4739999771,9197.241721996777,144.6928382400264,516.714899325758,5000.0,3.584228827995481,13091.045711185989,112916.61658692607,3.235406660370769,0.16755883838871272,42,0.46422176548655614,27,0.049723756906077346,26,0.04788213627992634,344.96132596685084,314.3314917127072,118.92960636060003,158.55248314202245,653.0,609.0,15.003634557531193,6.001724253790476,user29,session_1967235442,test,0
838,181.656000137,38622.704601400066,333.48823943432996,742.3644369224464,5000.0,31.524879095319008,3227.1542045250044,7156.442551478761,4.43126163739905,0.1461702597060502,87,0.47892720270394024,36,0.04295942720763723,34,0.0405727923627685,548.2816229116945,317.00477326968974,441.24038471691233,224.75312881886046,1671.0,1014.0,50.0,4.613114895010367,user29,session_2007540735,test,0
1241,405.428999901,255157.1232218906,404.8784425063288,1502.612901489359,12623.562358357027,12.658228456978028,120416.23287314909,978632.1019447668,3.8816812770219205,0.10815818790315847,56,0.13812529447492508,258,0.20789685737308622,19,0.015310233682514102,641.6720386784851,428.4278807413376,1883.4322832907285,1873.7228974982224,65535.0,65535.0,50.0,3.060955186488965,user29,session_2035629884,test,0
717,398.041000128,62667.30370267302,1043.4352494694435,4972.354539476751,43311.66815265799,53.51822079590577,293380.43187639024,2237115.840876675,4.764094444679744,0.08613627845537326,27,0.06783220821804155,2,0.002789400278940028,22,0.030683403068340307,772.0725244072524,402.97071129707115,403.8449392481327,208.9857737030144,1919.0,1079.0,50.0,1.8013219737902144,user29,session_2046923002,test,1
5207,359.177000046,76828.14725370092,46.56170207942102,386.5864571008333,5000.0,0.0,254.3634163941868,1420.199522494289,1.1154451791716553,0.15035032040630494,76,0.2115948403997657,297,0.05703860188208181,55,0.010562704052237373,473.6187824082965,484.8515459957749,263.6319307414592,229.50034096088623,1183.0,899.0,50.0,14.49703071002079,user29,session_2064160756,test,1
915,745.337000132,44908.507602477606,186.79994953441167,617.1141699000509,5000.0,2.8852495393234316,36719.56867953016,307619.1698709304,3.99727214008846,0.16751986747983602,56,0.075133798523463,18,0.019672131147540985,43,0.046994535519125684,219.9912568306011,333.3595628415301,173.88776886197948,227.50556946996363,1052.0,1051.0,50.0,1.22763260087444,user29,session_2189267771,test,0
552,87.8239998817,22981.813173551345,321.18032328750525,1339.0010065735282,11620.853610785945,12.598850321626086,126208.87259623027,1091932.1003231218,4.346185133312612,0.12782740456423022,42,0.47822918628819583,6,0.010869565217391304,20,0.036231884057971016,207.15398550724638,374.09057971014494,104.05315819331685,214.09862319865977,391.0,1061.0,50.0,6.285297876930573,user29,session_2290361531,test,0
1978,316.078999996,58109.71587299997,199.38486489853872,599.2422389619882,5000.0,11.82274712650053,22352.602301522835,190654.64036680758,3.88723583387522,0.13205478913947538,118,0.37332439042610643,118,0.05965621840242669,42,0.021233569261880688,323.7745197168857,325.30485338725987,196.79421303525356,193.0003068621024,1023.0,767.0,50.0,6.257929188668124,user29,session_2540441733,test,0
1559,293.046000004,58966.14645463891,199.7312743695447,793.2389958087543,6678.819659545014,1.2886597556196178,46028.50201407793,400772.73340594716,3.2528362952600776,0.13024099074211948,107,0.3651303890806886,31,0.019884541372674792,81,0.05195638229634381,225.8576010262989,271.91212315586915,156.7163418471201,174.41351745539467,775.0,997.0,50.0,5.319983893241061,user29,session_2617473265,test,0
1389,1069.93000007,59621.77037854497,224.07617557694178,521.4974374292793,5000.0,37.973366181156095,1905.4707354182196,4502.744849141315,4.054157564324485,0.14557055540704444,119,0.11122222948437228,58,0.04175665946724262,83,0.059755219582433405,266.6371490280778,305.5104391648668,198.5645735224401,201.50107997120523,1912.0,1079.0,50.0,1.2982157710402782,user29,session_3016761703,test,0
552,417.273999929,22949.60847344116,384.3481503061566,1373.4994993399953,11661.144872385337,25.06387791336374,42465.29457117473,359854.35789566307,5.52558613530108,0.17056920220163083,49,0.11742883574902209,8,0.014492753623188406,38,0.06884057971014493,349.9221014492754,309.7083333333333,198.7412733664413,201.3654750002618,1286.0,767.0,50.0,1.3228717823155143,user29,session_3147629890,test,1
1155,225.660000086,31074.32420740297,173.394309497193,645.364665714095,5269.233754993411,3.690034898763423,19231.795598132227,162580.685066707,3.652138287143149,0.15645713936376252,87,0.38553576161855857,35,0.030303030303030304,46,0.03982683982683983,295.4926406926407,325.961038961039,173.49323774136224,189.49857040646683,806.0,824.0,50.0,5.118319593901553,user29,session_3161171774,test,0
1189,547.016000032,806365.9473887472,353.2801034334835,876.5070957416835,5565.842444427919,42.72739589311473,3133.1080482671036,8516.42999427941,5.515966021644429,0.1468039865644092,55,0.10054550506161163,69,0.05803195962994113,48,0.040370058873002525,472.8713204373423,506.28090832632466,3788.2817722044097,3784.123754500407,65535.0,65535.0,50.0,2.1736110094228405,user29,session_3163625589,test,0
280,133.743999958,24351.029599818656,564.7789907426016,954.3746789742729,5000.0,115.5908510232498,4841.124445828334,9077.460674601809,4.941534438909882,0.1053127635850473,10,0.07476970931885041,16,0.05714285714285714,16,0.05714285714285714,604.9642857142857,319.09285714285716,310.8940722624778,180.84419308072611,1363.0,749.0,27.321806824278166,2.0935518609278114,user29,session_3172392634,test,1
304,92.5399999619,9325.66957389089,184.8165856328214,461.7879738803516,5000.0,27.874885417323487,1509.639244837347,3772.559943398429,3.6803737896333373,0.1856024213931708,18,0.1945104820338324,3,0.009868421052631578,17,0.05592105263157895,356.6118421052632,350.0625,272.52730021825744,194.4283302885973,1038.0,743.0,27.651305872437508,3.285065918793614,user29,session_3660445831,test,1
1323,2502.4920001,120216.27284253392,462.3834772727161,1066.7628364582067,6590.723036499815,53.35941978138499,3980.4234287172712,9733.78280370095,4.993716339618882,0.14532521744483073,113,0.04515498950465556,10,0.007558578987150416,69,0.05215419501133787,358.9561602418745,360.6984126984127,350.68956434798923,280.9817275470601,1916.0,1079.0,50.0,0.5286730187137991,user29,session_3839970917,test,0
824,269.845999956,28196.203459870514,159.41217393345568,508.54352532667264,5000.0,2.2423441537851296,1495.79711894781,4686.825623477681,3.388248945163303,0.15888379884665002,52,0.1927025044228149,43,0.05218446601941747,30,0.03640776699029126,326.15169902912623,302.25485436893206,183.67487400560182,202.87952742835708,936.0,1079.0,50.0,3.0535935316230667,user29,session_3932398331,test,0
1336,512.908000231,75481.36605046493,344.3051659429286,1086.3930050615772,8386.848936572154,8.728035804755041,31880.448662337305,283848.13379239425,3.759537193889034,0.135944202161944,82,0.159872725640991,92,0.0688622754491018,50,0.0374251497005988,426.73952095808386,388.72679640718565,349.8045739623966,271.86259649187184,1917.0,1079.0,50.0,2.6047556275166337,user29,session_4262101552,test,0
598,78.2990000248,26420.040889555716,155.1188892821112,568.462638024579,5000.0,6.711709548342043,26152.84981265455,227950.1113769656,3.779951777276115,0.16243400215043094,30,0.38314665564691713,15,0.02508361204013378,10,0.016722408026755852,229.3160535117057,353.9230769230769,194.35250601104775,192.83308958290291,881.0,767.0,50.0,7.637390002561881,user29,session_4746240778,test,0
719,144.229000092,15106.731421384158,161.55411870670645,510.8262232176939,5000.0,6.779659263430522,1576.4026721494695,5365.902147161726,3.850519755383719,0.15318242735198898,57,0.39520484759404245,31,0.043115438108484005,30,0.04172461752433936,284.55632823365784,310.01529902642557,272.95418684822494,145.2390251186794,1711.0,601.0,50.0,4.98512781438801,user29,session_4814782358,test,0
797,169.256000042,38416.02155573498,358.4706197953748,1085.614525501374,7316.412293373635,10.553827593149332,67055.75792005946,597522.5493318447,4.417392251875422,0.12990308053628538,51,0.3013187124080955,45,0.056461731493099125,40,0.050188205771643665,425.8393977415307,331.0865746549561,334.61993636467946,257.549714736281,1914.0,1056.0,44.47999754815615,4.708843407632394,user29,session_5290417223,test,0
1008,193.354000092,35371.00217083472,244.9148752654022,651.8753320942994,5000.0,10.446164099416322,2806.2044742336684,8680.965194640894,3.594196562832747,0.1504370288284758,62,0.32065537806561906,49,0.04861111111111111,40,0.03968253968253968,463.34722222222223,308.95535714285717,291.04367972465667,188.83154799041455,1914.0,954.0,50.0,5.21323582403458,user29,session_5415060346,test,0
1714,370.786999941,83505.55557883576,264.52189841835616,784.6836673723038,5516.0476453251285,10.768485444321573,22471.33072438392,189602.61428012367,5.294274948069171,0.1658404617080756,120,0.32363594198042145,110,0.06417736289381563,104,0.060676779463243874,326.3821470245041,308.9894982497083,218.66060020395128,208.69637879854153,1362.0,767.0,50.0,4.622600037953687,user29,session_5487557068,test,1
1424,248.093999863,48444.392579977764,259.88009483430704,895.711844221323,6931.736390508369,3.2894747564386426,86647.96384639067,657972.822975221,3.752919413721176,0.13712827234067468,90,0.3627657260945404,54,0.037921348314606744,59,0.04143258426966292,279.1179775280899,370.6334269662921,183.5380559337733,221.80747105463902,1025.0,1079.0,50.0,5.739759932873617,user29,session_5623988336,test,0
971,349.934000015,30786.47570849686,185.48551240678796,503.6644330261334,5000.0,14.598556662601544,1744.7523946291128,4648.8634532338665,4.443961016543821,0.2623033585070168,105,0.3000565820854766,16,0.016477857878475798,104,0.10710607621009269,528.0030895983522,502.37590113285273,443.5076481990622,213.6329152312262,1272.0,799.0,33.91843884471586,2.7748089638571214,user29,session_5746562839,test,1
1369,557.768000126,85167.44569941948,303.2332385633649,858.8401186538806,5324.07474993109,27.522943859952427,2827.034424251189,8585.913516204426,4.455544869663219,0.13260466250648015,84,0.1506002495321072,142,0.10372534696859022,67,0.04894083272461651,395.127100073046,302.5712198685172,345.79491636610254,171.11578555421295,1113.0,767.0,50.0,2.454425495350652,user29,session_5894660899,test,0
1599,222.253000021,55843.29828452575,223.5846626521882,661.3160476913747,5000.0,16.0868270416994,34194.87911394808,283805.4748637461,4.04952661922232,0.12692763419272904,88,0.3959451615577075,53,0.03314571607254534,48,0.0300187617260788,262.838023764853,326.75422138836774,205.71030982806593,164.64678773519364,1022.0,721.0,50.0,7.19450356057698,user29,session_5924200824,test,0
522,150.387999773,28702.84688569767,967.426938921542,5784.068315492163,49762.70788098371,23.725659763494168,724944.5124391951,5615844.796307802,4.703178435820202,0.13627739486892343,27,0.1795356015157764,11,0.0210727969348659,22,0.0421455938697318,690.3965517241379,414.63026819923374,344.76355054534355,206.05751597119595,1366.0,885.0,37.623801878626345,3.4710216293050107,user29,session_6007924250,test,1
745,408.697000027,21337.050764840296,162.42433782172677,341.27169634964145,4786.252689889219,17.857144685374568,1369.0260314414952,2998.4329254813074,4.057309517947237,0.2628555088982852,44,0.10765921941461083,11,0.01476510067114094,46,0.06174496644295302,253.70738255033558,361.93288590604027,118.65178003343276,166.55746951408258,589.0,558.0,50.0,1.8228663287246605,user29,session_6056134961,test,1
1207,210.159000158,53832.47629932695,270.2620573533929,904.8601160278206,6975.4388631341735,4.8076935861227605,65103.46402956508,558321.6018082257,3.666364341855838,0.12490365206919551,63,0.2997730287669615,26,0.021541010770505385,43,0.035625517812758904,413.16238608119306,360.2344656172328,344.4007319332514,248.89761367823186,1888.0,1079.0,50.0,5.743270567011469,user29,session_6527951269,test,0
2752,658.274999857,212830.8532324633,419.0282805208748,1456.1299253611198,11243.824032371398,35.75858317520873,23678.812629994412,181882.10488096485,5.48602658609863,0.1242055495786138,145,0.22027268243742965,102,0.037063953488372096,56,0.020348837209302327,411.7281976744186,425.9749273255814,378.3123713842441,306.93231342961843,1919.0,1079.0,50.0,4.18062360046763,user29,session_6982446047,test,1
947,128.542999983,31933.032636736883,230.67061639047841,651.9668525422451,5000.0,6.407071987338196,25934.50016068538,210451.90973869845,3.6803361861395807,0.13516918398807526,73,0.5679033475930573,32,0.0337909186906019,28,0.029567053854276663,305.960929250264,370.04118268215416,219.59138382527303,296.64508765080274,1063.0,1076.0,50.0,7.367184522885277,user29,session_6989962465,test,0
2410,521.883999825,814566.2258845672,175.9320916162969,767.4504424120794,6658.663078069109,6.68073990682675,1691.4657461983356,7136.720320906077,3.5552086549921005,0.14841094659993415,147,0.2816717892276685,455,0.1887966804979253,40,0.016597510373443983,936.5966804979253,585.9771784232365,2645.280704224048,2653.300896909588,65535.0,65535.0,50.0,4.617884435637286,user29,session_7011327614,test,1
790,195.694999933,29832.95007131656,231.57765635447333,747.447987173069,5561.873963484723,2.6248347735729043,70169.64905311944,574163.3062110436,3.409273919835163,0.13108804851485284,54,0.2759395999820535,6,0.007594936708860759,28,0.035443037974683546,281.69620253164555,304.00632911392404,259.43186217882163,225.46048349474952,1907.0,1079.0,50.0,4.036894147885597,user29,session_7418988874,test,0
1377,1865.51199985,107393.930892641,404.02970910685247,957.15265085771,6566.343183954607,45.05750340515698,3536.8357977545743,8565.98845569975,4.821722719816771,0.14270468172709314,116,0.06218132073625214,23,0.01670297748729121,72,0.05228758169934641,476.21205519244734,284.28903413217137,378.5831949825182,215.92627497398064,1919.0,1079.0,50.0,0.7381351608087862,user29,session_7473209927,test,0
771,1128.59399986,73084.05439676606,578.6489874187257,1241.9618128418863,6429.775066903342,48.07688054738489,5096.173269077704,11698.36991349128,3.844157461395947,0.13296989722098032,61,0.05404955192705875,48,0.0622568093385214,51,0.06614785992217899,774.5966277561608,598.0246433203631,459.9568578741884,280.18057380441746,1919.0,1079.0,50.0,0.6831508940288901,user29,session_7648037009,test,1
1530,315.17599988,33781.53144558933,166.06184173938001,388.2333939298175,5000.0,34.05636070502141,1339.3910575771831,3419.4542175105566,4.698540369193974,0.19388189202523398,103,0.3268015332360845,37,0.024183006535947713,80,0.05228758169934641,325.22352941176473,388.10980392156864,154.51392497255995,171.0363891246576,794.0,767.0,50.0,4.854430542244751,user35,session_0029922803,test,0
1566,288.630000114,59102.10154787543,263.35507174689025,664.7902892340766,5073.7496160124265,32.03460680113115,10191.954524188855,74677.97274290398,6.39284582387925,0.20007032230707666,96,0.33260575810582044,46,0.02937420178799489,54,0.034482758620689655,254.50702426564496,316.97445721583654,165.98094009430667,200.53392465666153,842.0,767.0,50.0,5.425631429101196,user35,session_0111356050,test,1
588,460.417999983,40256.87777057596,410.4632900228494,977.4613572433833,6440.71473124215,47.98710794566186,3256.8959422888333,8280.366490826797,4.710032386418558,0.16274518183666686,37,0.08036175823135966,4,0.006802721088435374,46,0.0782312925170068,389.7125850340136,250.36904761904762,408.9643262535145,201.10634763915567,1363.0,767.0,50.0,1.277100374055121,user35,session_0376544801,test,1
1635,531.994999886,98722.67871586219,372.3579904797346,1117.036341206311,7823.637338444683,24.99999900000012,5456.786111599216,22748.44253518741,4.560337269184569,0.15058769751209017,71,0.13345990096751742,34,0.020795107033639144,80,0.04892966360856269,425.5810397553517,406.1345565749235,231.72401335929624,259.2057452263663,1919.0,1079.0,50.0,3.073337156082972,user35,session_0402994139,test,1
1345,1254.93600011,86926.75319282888,403.52729410101654,1079.8206708500572,7790.078445042409,74.22448051330278,3452.0348650783544,9959.682413472541,5.332583362856744,0.13429399456305866,65,0.05179547004333488,42,0.031226765799256505,50,0.03717472118959108,365.3397769516729,273.3762081784387,262.82749939068805,206.87063482421976,1023.0,767.0,50.0,1.0717678032043911,user35,session_0458723853,test,0
120,73.6809999943,4825.719625286858,228.50831658874552,533.0044320884734,4144.659374666834,27.744993512166594,2074.5866630696737,5348.900518485772,5.19594387155706,0.20850043995140677,12,0.16286423909730224,3,0.025,7,0.058333333333333334,235.25833333333333,437.98333333333335,113.90320937727162,327.7512887585847,508.0,1044.0,15.562946277893161,1.6286423909730225,user35,session_0462903577,test,1
435,231.570999861,12147.422466428461,170.922721018016,471.7115077268105,5000.0,16.339869590755672,1544.7319387137547,4205.732377821596,3.098860876420744,0.18546083483946896,43,0.1856881907743658,16,0.0367816091954023,43,0.09885057471264368,222.51954022988505,227.53563218390804,140.52367975261927,162.89046811584168,566.0,674.0,38.8374037356692,1.8784735578337004,user35,session_0493270999,test,1
680,437.674000025,128615.09943085263,376.8089534269374,959.9316825154841,6295.229773905399,31.259374627691805,11334.371767496907,69568.36350470173,4.568223588457763,0.12125887738299158,46,0.10510105694506065,3,0.004411764705882353,24,0.03529411764705882,676.8338235294118,659.8808823529412,2514.8167303735677,2513.2586376851614,65535.0,65525.0,1.3958496764425878,1.5536677983182878,user35,session_0841557171,test,1
318,223.835000038,28112.086051506813,675.0531619693832,1818.3483505743031,12293.431590159937,56.067354788554276,162814.1123533371,1269200.023398109,6.983565961744421,0.16464803901592837,18,0.08041637812202818,38,0.11949685534591195,15,0.04716981132075472,411.6792452830189,435.17295597484275,263.4706795832499,290.9903002677404,1423.0,1079.0,36.18223409000069,1.420689346822498,user35,session_0989732540,test,1
361,60.368999958,17381.056457519844,291.4345796221234,776.307883907265,5386.114255676914,44.425255007561304,2658.2143564776384,7722.751918937795,4.60766746306136,0.19216902605978928,11,0.1822127252008967,25,0.06925207756232687,11,0.030470914127423823,497.4819944598338,375.13296398891964,222.50766611614876,135.50977432692747,998.0,679.0,24.42508713551474,5.979890345229428,user35,session_1129865931,test,0
2273,489.713999987,135803.81703575316,324.3854439548395,1088.9131942973177,8787.594240267792,32.96832737374856,4525.55267630352,21833.317102308567,5.097280629388602,0.1383708888526287,73,0.14906659805914854,39,0.01715794104707435,77,0.033875934887813465,364.9472063352398,330.0884293884734,309.25010792860803,174.49832673247977,1279.0,759.0,50.0,4.641484621759515,user35,session_1306722148,test,0
1802,341.505000114,98567.66484950122,338.2650361139775,786.0229677373236,5000.0,41.2979165994669,3245.414596223041,7961.694082213855,4.1022473405444755,0.11414910488469164,151,0.4421604367420498,70,0.038845726970033294,59,0.032741398446170925,410.9861265260821,449.1581576026637,372.8509642766137,250.4842549532846,1679.0,1036.0,50.0,5.276643092775985,user35,session_1553613542,test,1
848,1908.90299988,48942.30396502315,370.0889018591436,804.729657199026,5000.0,39.10685080736185,3722.4100467637677,8382.27261100467,5.164919778765288,0.14425987735954385,59,0.03090780411770998,19,0.02240566037735849,41,0.04834905660377359,393.00471698113205,312.60259433962267,235.1027306444405,197.74474344160666,1258.0,767.0,50.0,0.4442342015562384,user35,session_1893250984,test,1
1275,636.618999958,72003.51081130805,326.5984921595704,875.2029139798992,6073.389807960433,49.12101823621544,2718.982775152878,8107.922801382169,3.9884968096337095,0.16235456317366911,57,0.08953549926056321,31,0.02431372549019608,96,0.07529411764705882,510.42980392156863,391.67686274509805,315.5522811281163,182.95910375797294,1363.0,758.0,50.0,2.0027677466178613,user35,session_2069574400,test,0
1177,377.082999945,47112.47591534093,280.5069753899628,648.7288787927788,5000.0,51.780385032089,2297.7416607444216,5779.881428092013,3.82067233915651,0.15315457913317884,59,0.15646422673153002,29,0.02463891248937978,64,0.05437553101104503,414.76720475785896,385.83687340696684,327.77138132142267,216.24433593245664,1363.0,767.0,50.0,3.121328726491709,user35,session_2110642502,test,0
1167,917.601000071,77313.58940933255,320.484366197942,969.0624377374473,6910.995067880233,36.35885639327599,2773.985363976572,8755.145133454847,4.08617998945852,0.14327998078672075,49,0.053400116168365756,71,0.060839760068551844,78,0.06683804627249357,359.235646958012,387.65381319622963,280.7109147588311,203.58370343859295,1237.0,899.0,50.0,1.2717946034384253,user35,session_2272584671,test,1
1422,316.802000046,41753.20323452407,230.88335293122225,501.39069144905125,5000.0,52.08678924373662,1926.4175083739453,4971.194136970977,3.8771583078484055,0.15682672154241348,82,0.25883674973041054,49,0.034458509142053444,67,0.047116736990154715,242.62728551336147,321.21870604782,148.71195149978868,188.38494843889336,1011.0,743.0,50.0,4.488608025812729,user35,session_2363410078,test,0
1001,293.248999834,249571.14222963125,318.27803231868813,778.1018911191849,5089.84011795153,41.158684839028645,2840.675485202253,7337.386229019405,4.209783353710234,0.10996903550382371,66,0.2250647062304074,20,0.01998001998001998,27,0.026973026973026972,589.3606393606393,500.64135864135864,2080.1768945955514,2070.1504829958017,65535.0,65535.0,50.0,3.4134813778278454,user35,session_2381827805,test,1
1182,279.369999886,54577.58012116628,182.1491351844387,599.9769027829637,5000.0,7.222568068604755,1744.2109545072908,5481.378960904656,4.021928517639047,0.1775009121212542,86,0.3078354871141971,5,0.004230118443316413,48,0.04060913705583756,169.8248730964467,377.6057529610829,160.5408269305409,184.08270948032805,1027.0,695.0,50.0,4.230948206616057,user35,session_2389761713,test,1
519,541.023000002,47166.36947211511,450.24042115957826,1066.9536266472528,6348.551980871994,32.1924255515432,4504.621210057047,11271.321379679408,5.168342453225592,0.14139963932627578,37,0.06838895943400414,14,0.02697495183044316,25,0.04816955684007707,307.71290944123314,304.3776493256262,298.4614803584125,191.75059201497402,1363.0,765.0,50.0,0.959293782331031,user35,session_2412921544,test,1
1074,253.644999981,18007.4008728614,128.97564987745398,419.5155566928114,5000.0,9.522757046705244,1167.9006573365077,3859.2115162022214,4.59107349051525,0.2757500499178937,128,0.5046423150844219,90,0.08379888268156424,58,0.054003724394785846,334.86219739292363,302.79888268156424,184.2318012049572,134.48642624113424,1063.0,700.0,29.490935354600325,4.234264425005228,user35,session_2426108754,test,1
1484,590.117000103,69284.63513993597,316.49618575436665,756.0328091581711,5000.0,40.6871242560825,3055.4349073149733,7655.159211965389,4.850321030434963,0.20357522939419728,113,0.19148745076023363,16,0.01078167115902965,101,0.06805929919137467,439.65296495956875,317.0909703504043,304.82277251090807,191.11604422289727,1361.0,767.0,50.0,2.5147555480370505,user35,session_2585594441,test,1
1640,593.325999975,63147.79846561801,294.9384767590439,744.2842514027816,5000.0,26.071246246144575,3226.5918690689664,8404.455512956705,6.385958296552017,0.26355816922851893,133,0.22416007389799877,115,0.0701219512195122,120,0.07317073170731707,294.93658536585366,307.6359756097561,197.1963392666858,237.94589455477532,1194.0,1079.0,50.0,2.764079106712165,user35,session_2689331954,test,1
412,4318.98500013,33647.33490585649,813.3584046618404,3145.370142478268,26352.916904661037,56.77870416542049,21849.712251599467,136041.49298638647,4.935270339278589,0.0977743449166102,25,0.005788397042186418,6,0.014563106796116505,17,0.0412621359223301,649.247572815534,408.2378640776699,416.18156115239276,302.52375060818736,1368.0,1069.0,50.0,0.09539278325523218,user35,session_2751066909,test,1
1110,300.378000021,50813.18496421785,297.5454566084588,793.9830487412142,6142.024034884394,50.23226897730707,2500.056269051622,7313.127110470687,5.350688116758335,0.14498644898905422,73,0.24302711914619723,34,0.03063063063063063,24,0.021621621621621623,315.2243243243243,383.23873873873873,207.16065637631203,188.9069019762855,1018.0,709.0,50.0,3.6953438664695746,user35,session_2751916214,test,0
1387,512.888000011,493546.3032223412,1065.2815215043242,2334.4701341676487,9743.51234948928,19.417489772844412,8827.263322707933,21044.925927142835,6.644227717579225,0.10146366967023485,57,0.1111353745823211,59,0.04253785147801009,31,0.022350396539293438,495.00504686373466,355.1182408074982,329.0163890230927,250.25136368815902,1599.0,899.0,50.0,2.7042941148364803,user35,session_2809105327,test,1
1842,634.823999882,124841.6967714723,407.76259688966945,1241.455895487791,8539.442681044056,20.543582421981668,30164.573339408573,251069.43051190258,6.081598741310219,0.21258337486313572,88,0.1386210981569022,144,0.0781758957654723,144,0.0781758957654723,394.2633007600434,403.7931596091205,326.3070481602415,338.6058711978791,1919.0,1079.0,50.0,2.901591622784249,user35,session_2878525110,test,1
988,388.688999891,47912.47051377415,328.17456242239206,813.3856611667935,5242.919015615619,29.011730436291938,3467.866255335754,9015.016923171117,7.625305680891883,0.24855498637564993,60,0.15436505796877656,96,0.09716599190283401,45,0.04554655870445344,429.2236842105263,244.50708502024293,393.4402490212951,219.44694449740018,1919.0,1078.0,50.0,2.541877954552521,user35,session_3028558496,test,1
542,203.629000187,15361.078995857244,181.04986992298302,469.3597067245357,5000.0,28.427104183326122,1537.232855595662,4595.707931406036,3.972480436991024,0.2291536763757412,29,0.14241586401430167,7,0.012915129151291513,38,0.07011070110701106,240.58856088560884,236.44649446494466,144.9819113523025,107.37475572491937,1310.0,431.0,50.0,2.6617033895086726,user35,session_3097489009,test,1
180,86.373000145,2952.8864197362104,95.42345273472414,178.60276427308415,1352.3812676527516,27.275444027755622,700.820222562626,1323.9127892118722,4.423028827536766,0.2352972485670016,5,0.05788846041709994,15,0.08333333333333333,10,0.05555555555555555,247.8111111111111,284.69444444444446,94.81082540134156,45.61009116292962,656.0,332.0,30.388852243902743,2.083984575015598,user35,session_3101765401,test,0
2663,2426.19900012,162731.45397007078,377.10677345329714,922.3514031048187,5781.380244517908,18.36504638005798,2913.8944468696136,7828.498425481735,2.63207947335729,0.07540405445904648,414,0.1706372807752058,157,0.058956064588809615,149,0.05595193390912505,590.8899737138565,380.4723995493804,644.5385395082724,322.8964145991626,1919.0,1079.0,50.0,1.0976016393825434,user35,session_3116416990,test,1
855,596.131000042,36541.10768563142,283.79244773666306,771.5600351259549,5872.816233227254,40.061613178868285,12570.041916544566,98541.92647413882,5.1410579241764705,0.18388106591606718,40,0.06709934560890447,18,0.021052631578947368,45,0.05263157894736842,413.6233918128655,384.059649122807,307.49754617585654,201.62040282655505,1332.0,765.0,30.0887546196149,1.434248512390333,user35,session_3170574491,test,0
265,89.75,7273.976561241694,173.02434763936387,418.710856233939,5000.0,23.888742300974144,1665.7394257113576,4178.474206819493,4.948070470950138,0.18670292019265175,20,0.22284122562674094,6,0.022641509433962263,16,0.06037735849056604,362.3924528301887,207.21509433962265,198.0324352154715,177.57030980097161,753.0,516.0,50.0,2.9526462395543174,user35,session_3182721337,test,1
907,308.673000097,41323.99964243226,276.87267891968446,691.7288006342254,5000.0,29.55370406632389,2585.7872215111606,7048.90613104336,5.52197427096353,0.21318922132868473,65,0.2105788325495714,72,0.07938257993384785,63,0.06945975744211687,396.98787210584345,299.55567805953694,189.72397420191305,196.1690882634933,869.0,767.0,50.0,2.9383846326532503,user35,session_3203109772,test,1
2161,748.332000017,90993.9173812648,254.9826941319219,604.33446503522,5000.0,39.062493591309625,1842.0642181890014,4619.444934155628,3.4305820735539814,0.17973708252537166,93,0.1242763906900778,307,0.14206385932438687,181,0.08375751966682092,516.7709393799167,443.0212864414623,266.42363023516134,163.95017454050733,1359.0,767.0,50.0,2.887755701949012,user35,session_3212035675,test,0
114,61.9409999847,5501.620487989398,369.3697651092099,843.6365989278125,5000.0,17.513367712983865,16560.207325527048,103354.45965850411,5.005149970646733,0.2665419591220949,7,0.11301076833969527,0,0.0,13,0.11403508771929824,456.719298245614,384.99122807017545,177.93090578902084,265.7596723774985,605.0,767.0,21.075130757557343,1.840461084389323,user35,session_3389870646,test,1
301,89.8229999542,9028.32301195865,312.0770422333719,1436.9210926929372,12163.507134732205,25.57132300111031,180566.0476900245,1410046.7237486276,4.887696075879584,0.17363917123227096,14,0.15586208440086038,2,0.006644518272425249,11,0.036544850498338874,456.40531561461796,408.16279069767444,205.19670685706285,153.78243314561664,869.0,565.0,37.17845567206886,3.3510348146184987,user35,session_3535166347,test,0
1460,278.914000034,34953.131830745,196.81267198071336,437.4953468089943,5000.0,54.89788037902979,1516.2712757160307,3185.069076323709,4.732711292906462,0.16634722540574998,56,0.20077873463925625,26,0.01780821917808219,66,0.045205479452054796,233.76712328767124,299.93424657534246,137.25233991750088,158.8761974590103,690.0,732.0,50.0,5.234588438809181,user35,session_3635374508,test,0
445,115.833999872,39551.485083625346,421.74677440104364,1158.0916714740897,7092.088681005045,30.207902853915442,3823.357145149511,10480.340483101636,4.2640327324797145,0.12533988077121366,33,0.2848904469885006,2,0.0044943820224719105,10,0.02247191011235955,355.81573033707866,490.12359550561797,258.8628671444273,233.5621442577681,1222.0,1049.0,50.0,3.8417045124206894,user35,session_3669155019,test,1
3771,144.392999887,46931.57240040216,65.08393911342178,455.2847990628484,5000.0,0.0,24354.58332558704,214532.95594576423,1.9150519255403817,0.19933656786724332,44,0.3047239134475619,53,0.01405462741978255,15,0.003977724741447892,210.41872182444976,286.11296738265713,124.60294268512638,172.4562004717118,723.0,799.0,50.0,26.11622449115354,user35,session_3696132790,test,1
1645,1858.75,298091.31133427686,314.6639228397755,934.4138867088756,6530.261025748093,10.33424091538238,2972.3083328376956,10049.343384613363,4.243400566037519,0.16015941033498254,87,0.04680564895763282,149,0.09057750759878419,59,0.035866261398176294,766.4364741641338,538.1586626139817,1669.6207366539666,1622.0535311452845,65535.0,65535.0,50.0,0.8850033624747814,user35,session_3762712464,test,1
530,219.26699996,23448.673792541722,335.02616756654095,1051.5499579798388,9054.883644010704,41.401227618530186,70560.4214112031,633700.244917362,4.602085710349481,0.15419069941584115,18,0.08209169643988229,11,0.020754716981132074,16,0.03018867924528302,345.1245283018868,412.5830188679245,278.64389325085943,222.76341789849195,1345.0,767.0,50.0,2.4171443951743115,user35,session_3876999904,test,0
714,112.424999952,32538.501751196854,272.4955460420705,968.1628206543102,7156.897345950493,23.997539569231854,2465.403408799344,9410.444625604112,4.9502992417637905,0.16620919033092474,50,0.4447409385932628,24,0.03361344537815126,12,0.01680672268907563,320.33053221288515,470.32633053221286,186.26176363500704,172.25192322897686,1014.0,726.0,43.60596785871145,6.350900603111793,user35,session_3981019566,test,0
1640,720.525999784,99218.0512015116,372.74813809908704,815.2371959537496,5000.0,66.28736912240717,3451.3157667258197,8353.537827025419,4.225426591464316,0.11534420754313612,110,0.15266624664894246,17,0.010365853658536586,54,0.032926829268292684,568.9798780487805,384.05243902439025,408.34157687169153,235.2046212215143,1679.0,1047.0,50.0,2.2761149500387785,user35,session_4251225905,test,1
1228,220.141000032,16632.282784960895,78.6652073799989,302.30350342750523,5000.0,6.56251135828616,584.3029246287779,1561.4377999111919,4.085717012799319,0.23418050565275966,146,0.6632113053850816,9,0.007328990228013029,57,0.046416938110749185,161.20928338762215,295.1099348534202,113.42941615112812,153.63657558807722,534.0,599.0,48.42089517493843,5.578243034334796,user35,session_4289581476,test,1
1130,205.61500001,22485.683683655487,151.34124487672415,403.6481628299052,5000.0,23.732494918813796,1213.8048470845113,3394.9557918399346,4.54849057903816,0.21873313822134308,79,0.3842132139978011,16,0.01415929203539823,28,0.024778761061946902,202.36814159292035,308.3008849557522,141.97920497037202,124.36713022977551,1117.0,658.0,50.0,5.495707997690066,user35,session_4331334148,test,1
444,311.013000011,25528.144983726324,400.2433078015327,1131.5925395587321,7571.194785263507,21.775186866909443,4758.9769586909315,14283.658939138171,4.173228708732633,0.1485078560429081,33,0.10610488950247368,6,0.013513513513513514,22,0.04954954954954955,672.5202702702703,471.9054054054054,350.4703992020679,237.59853855561283,1625.0,960.0,39.18826754173741,1.427593058760555,user35,session_4481103124,test,1
279,77.6700000763,7558.443260643246,253.44954479544543,616.081239508408,5000.0,46.0700568333733,9417.614989082522,64052.5258210628,5.405140158101893,0.15132947401607538,18,0.23174971008520018,4,0.014336917562724014,7,0.025089605734767026,167.36200716845877,441.06093189964156,113.39893350335262,202.68384464052664,465.0,742.0,25.92447513623319,3.5921205063206028,user35,session_4518223786,test,0
945,1177.99900007,55250.427330568644,359.30216605398306,1507.5981199819732,13559.006749770479,7.93651253464914,104253.20983536697,875263.0852172008,4.739074509327579,0.13488201447185202,60,0.05093382931261795,6,0.006349206349206349,39,0.04126984126984127,790.168253968254,499.0740740740741,507.4783416181038,311.62782835543453,1917.0,1079.0,50.0,0.8022078116737327,user35,session_4559429580,test,1
1792,516.736000061,190446.04851578845,434.9609965251273,1029.1016711928319,6250.602647215102,29.913347500671584,3555.3004486773716,8963.127916329135,4.491773184976601,0.12338726512304235,129,0.24964391872207803,51,0.028459821428571428,116,0.06473214285714286,419.40625,374.53125,308.3662631245337,234.17707017430538,1279.0,1023.0,50.0,3.4679217236431303,user35,session_4767254104,test,1
512,156.125999928,12757.390046799286,154.68928466682524,388.2622305750568,5000.0,18.01557582078386,1094.5991020172087,2876.3417299109387,3.9459540191142954,0.21701211017033042,36,0.2305829907677259,15,0.029296875,33,0.064453125,435.59375,363.892578125,355.67056235184697,150.55765285518365,1302.0,702.0,50.0,3.279402535363213,user7,session_0147719489,test,1
1564,66.4839999676,11501.320513182629,50.61242296907197,409.5981193111023,5000.0,0.0,11540.34184562054,106033.93707798248,1.6193600415044045,0.19752183643628785,30,0.4512363879222077,14,0.008951406649616368,15,0.00959079283887468,341.55242966751916,309.2493606138107,224.6717954605671,119.67479058611386,803.0,652.0,40.658212303572725,23.524457023677762,user7,session_0244684556,test,0
1998,395.516000032,39787.57527561165,111.39347825511366,699.7135753851849,6209.154283283799,0.0,61297.02223464811,463791.43526720983,2.166569901936223,0.1448191576884395,24,0.06068022532099392,117,0.05855855855855856,11,0.0055055055055055055,409.22222222222223,266.9934934934935,254.89912124148483,233.05607728709495,909.0,799.0,50.0,5.051628757972744,user7,session_0812869833,test,0
4560,179.736000061,45980.97011012266,62.944865134015316,465.8172613925645,5000.0,0.0,17494.455357756593,151493.75313899966,1.7889631620241708,0.18796117643472526,80,0.4450972535988843,30,0.006578947368421052,25,0.005482456140350877,377.51337719298243,360.45175438596493,167.9640737445744,146.4891038726196,1020.0,712.0,50.0,25.370543455136406,user7,session_0966487358,test,0
404,53.3270001411,10385.820470942941,184.232134106964,460.87999959688875,5000.0,25.711296199282582,1921.653679238908,5402.658882243899,4.113700639816463,0.12734687982887946,27,0.506310122987598,61,0.15099009900990099,5,0.012376237623762377,573.9183168316831,355.7079207920792,286.01248608177673,88.54020878866903,1091.0,395.0,17.709604568448036,7.575899618036653,user7,session_0984393142,test,1
1374,1293.89899993,44481.84341454296,221.11198659389396,528.5139721781587,5000.0,24.66257568475648,2256.0847475600117,4745.9662472145665,4.444173619024691,0.24198144461504686,104,0.08037721646405663,15,0.010917030567685589,52,0.03784570596797671,184.6608442503639,249.91557496360988,129.00565419899252,173.65172679534862,891.0,748.0,50.0,1.0619066867462865,user7,session_1063325046,test,1
313,108.694000006,5165.76877593596,107.66114893006899,288.0538601588869,2881.9570166379167,10.72822040672293,833.8399863168644,2263.434457097194,2.5276795136683416,0.26427691076280396,11,0.1012015382577952,15,0.04792332268370607,14,0.04472843450479233,506.94249201277955,358.91373801916933,309.01085453539173,115.20690237799865,1103.0,441.0,40.25692225640107,2.8796437704263544,user7,session_1081274523,test,1
5298,303.371999979,44288.18350099858,60.645836194486606,449.92629976316374,5000.0,0.0,26813.41725960383,218889.59384224092,1.9522701431767773,0.19417612266095458,91,0.29996176313667444,157,0.029633824084560213,69,0.013023782559456399,290.80785201963005,334.1243865609664,196.20409595823037,189.63541674382748,1109.0,730.0,50.0,17.463707924154956,user7,session_1244242475,test,0
1589,74.1440000534,13439.880927755816,63.695832583373786,468.6252816895194,5000.0,0.0,37618.66539761012,318286.9445397367,1.8016782669208484,0.20860767190766408,22,0.29671989620407796,18,0.011327879169288861,17,0.010698552548772814,288.2026431718062,376.4203901825047,140.8955719121258,204.22089028134116,621.0,773.0,47.99649669691647,21.431268866739995,user7,session_1474073005,test,0
1199,1314.53999996,257065.8896559871,447.73314618038245,1135.7965750709295,7204.528716019883,46.35476705643514,4943.304342218693,13289.87902406042,7.148019697280249,0.21898807337041123,78,0.059336345795771496,40,0.03336113427856547,66,0.05504587155963303,443.26605504587155,421.4061718098415,1907.5157843522436,1917.2039826738767,65535.0,65535.0,50.0,0.9121061360144874,user7,session_1503605581,test,1
1117,819.210000038,58612.55613031643,334.7106552476497,929.344407291271,6563.83213942652,29.045650746373674,5192.154495283659,24080.710907442415,4.8220195537954424,0.15243654901900688,74,0.0903309285733419,17,0.01521933751119069,58,0.051924798567591766,341.0895255147717,341.96418979409134,229.7310860687249,171.54923054746212,1362.0,767.0,50.0,1.3635087461678772,user7,session_1708671050,test,1
5049,193.396999836,45434.28514307296,50.509955094717725,392.675576045007,5000.0,0.0,10831.735917212727,101959.27650789559,1.6216603816631607,0.2118387978256546,110,0.5687782131743493,99,0.0196078431372549,24,0.004753416518122401,315.5304020598138,318.29590017825313,225.86399511975955,168.31188971584106,968.0,650.0,50.0,26.106919984702632,user7,session_1806185715,test,0
3210,205.296000004,29063.998366629698,61.37682768821227,452.0119975298054,5000.0,0.0,25157.88904965494,214875.79125406942,2.0360033946932163,0.19361140311175878,47,0.2289377289332683,136,0.04236760124610592,22,0.006853582554517134,307.2180685358255,280.71682242990653,182.89325257125745,169.6495403147579,861.0,799.0,50.0,15.635959784591302,user7,session_1881356230,test,0
4787,309.190999985,62054.45954858807,68.62855763720805,479.1992905067516,5000.0,0.0,24503.77871745175,212707.05973222936,1.7281807705890402,0.18415998234118358,80,0.2587397434074119,155,0.03237936076874869,48,0.010027156883225401,296.9036975141007,382.627950699812,204.33805689832135,224.90942151350708,984.0,799.0,50.0,15.48233939614101,user7,session_2211907871,test,0
3183,202.687999964,29859.988676524794,82.21303252535533,548.107649309284,5000.0,0.0,58584.769174109904,438718.7085094019,2.378180024104634,0.2295058506949828,47,0.23188348599003297,39,0.012252591894439209,51,0.016022620169651274,432.3377316996544,339.6704366949419,213.82533384422933,155.55947495306165,987.0,668.0,50.0,15.703939061835639,user7,session_2318637737,test,0
468,101.876999855,30432.43751471857,562.9382831422294,1430.9260083652803,11695.479687062081,96.9339907618602,43537.18795944339,373681.88966319454,5.365422375344121,0.14660019130795104,25,0.24539395580535475,3,0.00641025641025641,21,0.04487179487179487,301.4465811965812,295.0662393162393,190.4025469961829,130.81812199358984,1006.0,662.0,50.0,4.5937748526762405,user7,session_2590894741,test,1
755,261.71600008,89441.32254004665,476.181751582997,1519.7186331288015,8186.942547629375,12.405373197475505,4776.885071054962,15145.132098506685,3.9760098525503307,0.16666970845467707,28,0.10698619874765433,46,0.060927152317880796,34,0.045033112582781455,514.7801324503312,405.9721854304636,205.8996288594,222.3013774324116,864.0,895.0,50.0,2.884806430517108,user7,session_2671379191,test,1
1489,83.9809999466,10102.738712865535,79.25736307778003,513.1655942626415,5000.0,0.0,51770.6767861696,360755.5908703312,2.4580921552664607,0.24634627197772938,25,0.29768638163270805,22,0.014775016789791807,23,0.01544660846205507,234.9012760241773,282.8045668233714,97.19387594504158,187.5020719042257,589.0,653.0,20.784004447814485,17.73020089004409,user7,session_2691409086,test,0
1970,489.03399992,97880.26416049204,374.5007907051679,1543.7313372128542,13045.247884657181,10.041927701433309,126270.19381171287,1110544.276811349,4.652912326023589,0.14717524749386593,136,0.2780992733066575,119,0.06040609137055838,99,0.050253807106598984,470.63147208121825,356.51269035532994,367.13600523876295,243.40041996716758,1363.0,767.0,50.0,4.028349767750847,user7,session_2715537964,test,1
4628,221.622999907,41983.57876949242,74.15769632114686,519.3645772140119,5000.0,0.0,45283.732503230916,371353.71017300605,2.1357455703231225,0.1824692961365854,90,0.40609503543299585,108,0.023336214347450302,26,0.0056179775280898875,260.95786516853934,312.29645635263614,143.19848645633857,166.68343877549387,810.0,774.0,50.0,20.88230915537672,user7,session_2773924704,test,0
532,188.428999901,16124.502616681286,223.118462946959,626.8273458811749,5000.0,13.994053188729062,6328.696578989264,42639.007590671696,4.837320287742048,0.2133559130181346,37,0.1963604329452456,16,0.03007518796992481,33,0.06203007518796992,255.85526315789474,316.57894736842104,185.92568759949984,207.7863131865662,830.0,767.0,37.850831938498146,2.8233446034289367,user7,session_3269754223,test,1
206,36.9500000477,10897.561737808632,215.7495267285721,625.7214589051329,5000.0,18.551933917927144,2034.2405352111034,6053.18065244144,5.569920906678398,0.17124402572687775,25,0.6765899855947675,0,0.0,11,0.05339805825242718,426.68446601941747,331.45631067961165,148.17972756068008,80.60802800895982,719.0,410.0,43.703305093221076,5.575101481300884,user7,session_3319050185,test,1
6241,471.242000103,248314.25230507515,50.32427639605878,403.0844388342363,5000.0,0.0,2088.1237011300705,18823.333908230205,1.641117024930093,0.19121624421296543,100,0.21220519388794476,163,0.026117609357474765,73,0.011696843454574588,232.937029322224,319.757570902099,842.192929303419,842.3032382848378,65535.0,65535.0,50.0,13.243726150546632,user7,session_3376026513,test,0
698,47.6489999294,6939.684235294108,69.94852332500972,504.26831649497905,5000.0,0.0,26076.31748104067,239930.36448073332,2.4370285413727952,0.2210702618379085,16,0.33578878934933976,23,0.0329512893982808,9,0.012893982808022923,267.65616045845275,350.0429799426934,96.43610204127599,122.14866586206314,582.0,619.0,50.0,14.648785935364947,user7,session_3582091129,test,0
419,127.294999838,11813.286227854034,153.78759090865245,375.8497026503177,3117.569927129882,19.607828232741493,1355.562887089591,3344.9723262221537,3.141021427082774,0.19759237970202603,42,0.3299422605243776,0,0.0,33,0.07875894988066826,246.03341288782815,326.41050119331743,150.67987496088733,202.40331966869047,571.0,768.0,26.30896873388196,3.291566837136053,user7,session_3748528962,test,1
1652,315.967000008,62554.56920962782,270.3511987407537,763.4152840392229,5047.681646377137,21.32310646750411,3455.9747991931777,10416.336719952797,6.804738416686165,0.23588448183876418,119,0.3766216092091485,62,0.03753026634382567,89,0.05387409200968523,321.2578692493947,353.8783292978208,240.57008829447344,278.94245920015993,1919.0,1079.0,50.0,5.228394104315238,user7,session_3876004338,test,1
2099,94.3439998627,24261.2924407633,73.7402351167566,505.09047793463543,5000.0,0.0,27666.489754195773,234203.0247797091,1.7054961645800024,0.16283269746664814,30,0.3179852459473774,90,0.04287756074321105,24,0.011434016198189614,485.1148165793235,423.2539304430681,242.96958242425092,209.84462868132502,1173.0,780.0,35.800243156810616,22.248367708118174,user7,session_3973707215,test,0
6308,651.402000189,78277.53427783775,67.6163863839188,482.3961877685146,5000.0,0.0,24267.035927100336,210364.74418393982,1.688374365168824,0.16899350864684215,140,0.21492104715579616,114,0.018072289156626505,75,0.011889663918833228,329.52916930881423,333.212745719721,201.2218549730524,203.9588264063929,983.0,799.0,50.0,9.683728324705443,user7,session_4037858026,test,0
2220,1536.85299993,491713.29522190505,220.7816862778991,715.9711539043052,5346.128638201016,0.0,2085.2542119476984,7180.154530944835,2.8782721897333046,0.11981237898233132,130,0.08458844144880558,125,0.05630630630630631,84,0.03783783783783784,701.9842342342342,571.7423423423423,1999.1350919885126,1972.7394408756113,65535.0,65535.0,50.0,1.4445103078180646,user7,session_4163238472,test,1
402,76.628000021,11742.164992278977,229.25007209008152,581.1835790553774,5000.0,33.2981334131065,2095.639150323717,5668.960008127103,4.199148283818543,0.17277095917114207,38,0.4959022810145906,3,0.007462686567164179,21,0.05223880597014925,217.44776119402985,321.8358208955224,155.50348925197414,146.9915189520748,770.0,659.0,45.93339389809668,5.246124130733301,user7,session_4339907415,test,1
1970,141.424999952,31682.641271994078,57.50853033057902,414.55009138454284,5000.0,0.0,11171.24680966735,103306.70695532151,1.4070133501640798,0.18148746822533623,25,0.1767721407706209,124,0.06294416243654823,33,0.016751269035532996,352.61167512690355,443.2766497461929,221.99210717564816,238.13060701195113,1238.0,785.0,50.0,13.929644692724928,user7,session_4423579184,test,0
1354,1223.39299989,46876.50090914003,219.50310895100802,527.7162164467269,5000.0,12.835742338638518,2222.1113854621644,5064.834574485851,3.7379593758422587,0.23262277975260387,137,0.11198363895519935,4,0.0029542097488921715,111,0.08197932053175776,349.2533234859675,268.9290989660266,315.3114558624712,180.74422641739628,1362.0,748.0,50.0,1.1067580083601454,user7,session_4844871120,test,1
3064,116.823999882,48822.6098833195,78.47927392109128,534.3839293987094,5000.0,0.0,24627.264340102945,215431.69457219407,1.9473032809791013,0.1877087284717338,41,0.3509552835154825,117,0.03818537859007833,22,0.007180156657963447,321.0146866840731,316.3883812010444,237.12589405374217,143.69569842822244,1261.0,799.0,50.0,26.22748752905947,user7,session_5026661112,test,0
1513,359.834000111,63922.01364430248,295.1379550960715,534.3711711213305,5000.0,100.38747474664862,2057.492586197312,4002.9973021272835,5.3144486540110965,0.13859136745244252,68,0.18897602777676278,27,0.01784534038334435,37,0.024454725710508923,276.7428949107733,409.87376074025116,153.28842291342784,294.7055934842214,1468.0,1079.0,50.0,4.204716618032972,user7,session_5037856261,test,1
1857,59.3400001526,14511.618136873596,77.01130306886392,516.5243846230894,5000.0,0.0,51496.18119864945,380320.15051412495,2.3629781182172365,0.246759727981538,25,0.4213009763348411,21,0.011308562197092083,6,0.0032310177705977385,295.7458266020463,395.80183091007,169.4915190097957,185.20525524380193,678.0,662.0,29.09781645691264,31.294236522151998,user7,session_5123812030,test,0
2557,158.615999937,31257.156690485095,73.76112958625069,493.68504529951986,5000.0,0.0,30435.114657955175,250329.68074903832,2.1555163349547164,0.20115553721048948,50,0.3152267111757911,167,0.06531091122409073,30,0.011732499022291749,375.78685960109505,366.2362143136488,217.17566326858827,161.28460896389453,1233.0,762.0,50.0,16.12069400952996,user7,session_5289449664,test,0
1630,517.646999836,77861.50946648164,281.1353426839551,738.2647947138101,5187.118053519159,36.59661085502326,3070.863982905368,9112.70276668231,4.111433860837812,0.1267269334241464,96,0.18545456658768342,256,0.1570552147239264,36,0.022085889570552148,868.2061349693251,622.8079754601227,202.23104404152548,205.26708842714183,1460.0,1075.0,50.0,3.148863995186708,user7,session_5483480261,test,1
504,832.867999792,40706.60124141812,505.1004474443968,1337.439979638871,8643.097312365971,48.06409866990872,5335.665961304319,14746.341379508605,7.224056923073053,0.22135866017573658,27,0.032418102276402704,56,0.1111111111111111,26,0.051587301587301584,370.3253968253968,463.0912698412698,370.3830445252731,336.45861145147626,1636.0,1079.0,50.0,0.6051379091595172,user7,session_5497122814,test,1
5465,375.389999866,59267.7042023411,50.304936033018635,390.78557882880216,5000.0,0.0,3996.705758042407,38003.207520285156,1.3405745663116806,0.18780749109451642,72,0.19180052751991603,204,0.037328453796889295,52,0.009515096065873741,305.5469350411711,283.6612991765782,182.2149161317503,170.01032828885948,1051.0,799.0,50.0,14.558192818004736,user7,session_5528609206,test,0
428,161.078000069,14572.811858707224,244.12221529289442,639.7632540558475,5000.0,45.24088877923803,2141.6862790206183,5975.760306591246,5.744184524761165,0.18832668763833044,32,0.19866151793722514,12,0.028037383177570093,26,0.06074766355140187,291.61915887850466,241.46028037383178,254.06898933494347,144.1771802629886,1599.0,751.0,50.0,2.6570978024103864,user7,session_5884843843,test,1
4329,251.087000132,59283.645808053494,67.79402201328142,464.45412831590494,5000.0,0.0,27674.948261427093,222321.91453776314,2.016333704023922,0.1895315773134556,164,0.6531600597154886,191,0.044121044121044124,46,0.010626010626010625,398.5885885885886,363.19334719334717,285.31650481466573,187.76080762487243,1064.0,785.0,50.0,17.24103596651433,user7,session_6013544622,test,0
893,175.470999956,36096.17589387707,272.04161388342703,727.9103904006568,5093.019769766955,43.79566998779554,36739.814816500715,315736.4669959085,4.572580345232431,0.1338880544193287,44,0.2507536858571112,37,0.04143337066069429,35,0.03919372900335946,345.06606942889135,410.6662933930571,242.86314195369988,168.45656036588173,1151.0,877.0,50.0,5.089160033418189,user7,session_6106477620,test,1
1452,538.544000149,123162.63945999357,443.3921062013059,1174.2027356175688,7470.791382251778,37.25991884615716,4290.707745554814,12032.030949225,5.297537526470666,0.22711964170061733,98,0.18197213221739755,65,0.044765840220385676,108,0.0743801652892562,378.74931129476585,332.1267217630854,398.01719341051944,289.5022924164864,1919.0,1079.0,50.0,2.696158530404707,user7,session_6129550717,test,1
3844,747.738000154,271662.9880367491,98.97806535028874,632.6426071481483,5621.333779951897,0.0,40031.095625700524,339671.32058768434,1.8758942899105462,0.16974629319822843,53,0.07088044206538174,44,0.011446409989594173,46,0.011966701352757543,313.47086368366286,296.6633714880333,1084.0681396440407,1074.2862474949495,65535.0,65535.0,50.0,5.14083809998731,user7,session_6419217298,test,0
1998,137.054999828,34194.69296363919,80.39183072502844,526.1560480477971,5000.0,0.0,37836.09638217011,316053.9086094311,2.0101035785012553,0.2024760792387773,22,0.16051949967246254,226,0.11311311311311312,29,0.014514514514514515,335.57457457457457,307.23023023023023,139.92852526367844,122.61132636537566,656.0,505.0,50.0,14.578089106617279,user7,session_6471969473,test,0
929,243.33100009,43698.4589818571,384.3529473484689,813.1151958750365,5000.0,47.61904728763334,3766.011419067426,8604.458759078332,4.937595951076976,0.1418793739073666,75,0.30822213352289685,81,0.08719052744886975,58,0.062432723358449946,563.5080731969861,465.94510226049516,318.5400528824542,230.13504796522437,1445.0,1060.0,50.0,3.8178448272369487,user7,session_6490827344,test,1
534,430.857000113,40864.275109333714,449.73432390562016,1075.579559394417,6671.605396977459,50.268440666937636,4606.4323693367105,11528.615936775212,5.594116731759636,0.13396489526228167,38,0.08819631569182772,20,0.03745318352059925,14,0.026217228464419477,557.7958801498128,465.15355805243445,433.24599850144784,257.21605743630465,1917.0,979.0,50.0,1.2393903310377894,user7,session_6556036411,test,1
5622,296.619000196,71243.43461716696,68.84718604123081,482.7731184119132,5000.0,0.0,27922.751013666613,239394.42066975805,1.8241343736390043,0.17299147968750117,84,0.2831915687953046,84,0.014941302027748132,68,0.012095339736748489,403.2630736392743,401.01209533973673,217.38806108094226,208.20695760657634,1180.0,799.0,50.0,18.953607140085744,user7,session_6581338506,test,0
756,486.715000153,35014.4536997785,302.5228318660208,635.1347174802495,5000.0,28.50876846460109,2696.9791235454754,5933.14435105845,5.274210044027056,0.23857386525435462,59,0.12122083761842806,1,0.0013227513227513227,53,0.0701058201058201,494.21693121693124,399.8333333333333,233.75975220873522,180.48912572039143,1353.0,862.0,50.0,1.5532703938903663,user7,session_6617825429,test,1
1165,667.324999809,121021.93369812524,347.9604835561813,1019.1050543663447,6783.753596027768,23.809519501137334,3106.7435784795807,9251.250916637407,4.489182150727977,0.11416760751087744,67,0.1004008541852569,52,0.04463519313304721,47,0.04034334763948498,466.5665236051502,388.5467811158798,334.5068022752341,231.65577374406143,1591.0,899.0,50.0,1.745776046654094,user7,session_6638271928,test,1
173,5904.42800021,15374.63528683385,555.2272118541565,1288.1636990713396,7297.977648842096,52.08335712349128,59705.800377181586,411818.7798127006,5.939927509179112,0.07814729162927131,12,0.0020323729918585174,6,0.03468208092485549,5,0.028901734104046242,485.3815028901734,452.3468208092485,358.089981715078,254.04704735896996,1702.0,956.0,17.401474477957564,0.02930004396596029,user9,session_0233596484,test,1
901,774.299999952,63171.67819768519,343.32975714483507,830.1840394138443,5566.036629435848,38.22335058114624,2891.4719152351854,7599.743487557649,4.217865077957801,0.15151909164891986,58,0.07490636704584205,31,0.03440621531631521,77,0.08546059933407325,387.1620421753607,308.15538290788015,275.25327799408956,176.7821705640177,1238.0,633.0,50.0,1.1636316673845464,user9,session_0249395771,test,1
9479,505.319000006,67080.41702989704,32.26714901168256,330.4456858915383,5000.0,0.0,149.85140992671515,1129.5307007113136,0.8781708072296087,0.1826635355697549,116,0.2295579623933053,14,0.0014769490452579386,76,0.008017723388543094,323.4174490980061,324.5655659879734,199.4792622455757,138.4237765257593,1272.0,587.0,50.0,18.758447633846043,user9,session_0510101673,test,0
8381,357.59499979,37799.55976318579,19.89024310005179,245.25839914022583,5000.0,0.0,33.83974729979162,161.88234516178417,0.6936312789062279,0.17946962405973316,98,0.27405304900110783,7,0.0008352225271447321,67,0.007994272759813865,258.77329674263217,274.6909676649565,202.46065921037862,143.3483763200204,1279.0,596.0,50.0,23.437128608962087,user9,session_0626697371,test,0
6917,329.538000107,29816.597947483555,19.862110197608317,247.5823941304189,5000.0,0.0,32.383191625901176,156.79412964816584,0.740582413245693,0.19563240062924522,98,0.29738603732552754,5,0.0007228567297961544,50,0.007228567297961544,277.16249819285815,304.7227121584502,180.2557006155426,141.51181579067793,981.0,567.0,50.0,20.98999204265994,user9,session_0815666379,test,0
832,696.838000059,59585.89715970184,498.8139853226966,1033.0773352909962,5430.525696245244,45.06344184433844,4821.718659555095,11200.990266141118,4.374265930974335,0.10661377718482243,78,0.11193419416477844,64,0.07692307692307693,46,0.055288461538461536,803.8353365384615,461.8737980769231,463.3150527189243,252.4440812103633,1698.0,1060.0,47.56039954989568,1.1939647377576368,user9,session_0867569021,test,1
1073,338.427999973,73870.10503462056,334.1060209183982,908.4140520933134,6191.126180628754,23.437496154784796,3148.732436047275,9054.778650181914,5.302740076755857,0.1674168594107404,81,0.2393418984435751,73,0.06803355079217148,43,0.04007455731593663,517.215284249767,321.4268406337372,388.1262359911801,227.99937505435625,1363.0,767.0,50.0,3.1705414448142726,user9,session_1067162598,test,1
1883,306.96600008,11687.537436988729,26.222316725281853,261.37543727900237,5000.0,0.0,2147.6987365185237,20696.915006423867,0.9068052766893763,0.22554491043325997,17,0.05538072618977197,1,0.0005310674455655868,37,0.01964949548592671,347.3744025491237,393.1221455124801,100.77039865222636,139.28269616455316,597.0,655.0,50.0,6.134229847961213,user9,session_1177848198,test,0
6466,376.066999912,26033.279794177615,19.109287323082683,228.78980016205236,5000.0,0.0,36.63470590863462,190.80592938088958,0.8480370843835202,0.21234251795173414,65,0.17284154157426748,164,0.025363439529848437,82,0.012681719764924219,298.53247757500776,255.9254562326013,217.73557605410912,161.94882660665883,1325.0,644.0,50.0,17.19374473568021,user9,session_1281792837,test,0
1074,51.0870001316,3886.676469384539,18.10641683425375,243.75335229991492,5000.0,0.0,25.121667696313246,98.87529975854898,0.9402277436823759,0.1587654639956115,12,0.23489341650690052,3,0.002793296089385475,11,0.010242085661080074,490.1806331471136,259.7029795158287,222.0131079250923,132.13174484848827,860.0,418.0,11.336667814602688,21.022960777367597,user9,session_1334666365,test,0
626,757.368999958,36104.328863621995,342.25337090619325,791.502682556849,5127.497159076678,39.559983584892215,3614.7677560116317,8706.153103020766,7.862708926352869,0.23731265964952086,40,0.0528144141128277,26,0.04153354632587859,41,0.06549520766773163,378.10702875399363,327.9009584664537,296.79699143777987,287.3377047571026,1394.0,1079.0,50.0,0.8265455808657536,user9,session_1388817097,test,1
2304,705.601999998,385233.1647838458,420.9617807135525,1264.1318051206608,8107.38948473932,23.704077412799293,4492.746402373192,15018.399627744999,4.107932476583406,0.09961920864730352,130,0.1842398405905432,111,0.048177083333333336,87,0.037760416666666664,384.09461805555554,442.8658854166667,1391.5178518402583,1379.4589438121404,65535.0,65535.0,50.0,3.2652968670816276,user9,session_1428731346,test,1
8043,217.136999846,31150.233785821416,25.24086179631669,275.44973344046826,5000.0,0.0,144.18359785536938,1179.9374636096893,1.089153148801532,0.20846339417783757,84,0.38685254037577793,212,0.026358324008454555,43,0.005346263831903519,280.1091632475445,313.6025115006838,167.5077752873863,168.04809779347528,800.0,696.0,50.0,37.04113074098073,user9,session_1498771725,test,0
7771,1074.68500018,235306.4406181234,27.333516331074314,287.76579875123474,5000.0,0.0,148.22763907385368,1132.7916255874115,0.8490674723586327,0.20041981512787188,82,0.07630142784747693,157,0.0202033200360314,90,0.011581521039763223,329.1442542787286,309.22403809033585,752.1819547740021,757.0523328105257,65535.0,65535.0,50.0,7.230956046374916,user9,session_1814762834,test,0
6234,297.448999882,29863.946566177787,21.62174238686907,256.13444248067606,5000.0,0.0,32.736572865321115,158.02845596741673,0.7090867055429194,0.18304647179554787,80,0.2689536694752261,5,0.0008020532563362208,60,0.009624639076034648,328.56673083092716,288.0307988450433,195.9543139913568,153.92206658201894,1141.0,729.0,50.0,20.958214693856995,user9,session_1970148824,test,0
354,261.996999979,13914.332194906456,178.50922711006206,436.2207837205741,4519.191090786342,34.575774389851816,1354.8293669787392,3250.78648935337,2.666365902784974,0.18416144626245146,14,0.05343572636756203,1,0.002824858757062147,33,0.09322033898305085,310.78248587570624,285.88700564971754,147.71868842674172,139.8497927535758,587.0,556.0,50.0,1.3511605095797827,user9,session_2092170870,test,1
1481,1179.898,107925.89076970324,417.63222177524386,983.1268546177691,6094.626175661909,49.41483400336053,4262.037397868617,10355.385596900096,8.11469326618898,0.24075140270588305,88,0.07458271816716361,96,0.06482106684672519,78,0.05266711681296422,472.28764348413233,419.932478055368,326.2656493749813,310.8948736546382,1750.0,1079.0,50.0,1.255193245517833,user9,session_2386499713,test,1
1265,340.086999893,315108.6626525897,507.7388808476738,1353.465700299442,8976.871870254403,46.09771129215996,5298.694592446559,14477.524884053479,5.737031134298835,0.19405814866403212,94,0.27639986247511605,38,0.030039525691699605,61,0.048221343873517786,561.404743083004,460.41422924901184,1869.721863997868,1856.9230127051105,65535.0,65535.0,50.0,3.7196364471385297,user9,session_2541149709,test,1
1538,92.5280001163,10380.287403329528,27.668682598027722,292.5197150934195,5000.0,0.0,145.41136547781812,1143.1624178728982,0.9384504623566753,0.24525045334726137,16,0.17292062921374426,1,0.0006501950585175553,16,0.010403120936280884,222.92327698309492,383.57737321196356,82.73806937596783,125.78075567731285,488.0,600.0,50.0,16.62199548317117,user9,session_2592273518,test,0
458,4563.92499995,40959.821578325565,663.645101402893,1366.9484573830532,8652.48588293747,93.3016486447454,7307.426525599608,22186.57467846486,6.377836014780451,0.10687088117631932,26,0.005696850846647315,21,0.04585152838427948,10,0.021834061135371178,782.8515283842795,328.5218340611354,441.58403920969414,227.79448817715854,1829.0,1024.0,32.306584156656335,0.10035221876017192,user9,session_2760097341,test,1
1144,666.655999899,78734.81896216833,472.7045661437004,1380.1768529750634,9655.827081661959,39.59318462057057,13471.379177773231,88130.95676443577,4.4943372274566835,0.11478306388806367,85,0.1275020400519574,15,0.013111888111888112,53,0.04632867132867133,547.3513986013986,500.0638111888112,477.2849400843149,277.19530234945313,1679.0,1049.0,50.0,1.7160274566992855,user9,session_3277767566,test,1
823,181.066999912,31677.784832413978,244.44837837229278,623.2002748379467,5000.0,22.727257463852172,2116.6121600608167,5386.008690169,4.673163218045403,0.20749109789844217,76,0.4197341317685531,15,0.018226002430133656,46,0.05589307411907655,255.1287970838396,305.40097205346297,199.25935961345303,161.74861724767763,1088.0,667.0,43.26108576587794,4.545278821651569,user9,session_3452570104,test,1
385,232.70299983,8941.526862042641,182.86889426500846,433.1748696132158,5000.0,21.481726031369877,1929.3770980516927,4290.040862847533,4.727915997170698,0.16068166667410524,34,0.14610898881767115,8,0.02077922077922078,33,0.08571428571428572,241.3168831168831,321.3376623376623,99.37166320734032,122.9366378962327,465.0,517.0,22.926684608732266,1.6544694322000997,user9,session_3524810503,test,1
413,132.286000013,23582.83878324659,373.7516199082357,781.5124780018109,5000.0,39.42651709382068,3263.8130031812216,7721.571177590985,3.973108061203795,0.14199791863268516,39,0.29481577790671265,13,0.031476997578692496,16,0.0387409200968523,794.271186440678,468.6876513317191,318.5251877190452,220.09922027262158,1761.0,867.0,50.0,3.1220234942428804,user9,session_3561215335,test,1
1355,839.589999914,37142.13804854462,209.25896729578554,421.7537698962549,5000.0,36.03601623245078,1590.1768930816881,3329.5588345195697,3.1219951808469815,0.17124950184710983,89,0.10600412106994646,1,0.0007380073800738007,99,0.07306273062730627,371.85239852398524,306.94243542435424,211.33478603173418,118.20406306191417,1055.0,628.0,50.0,1.613882966851432,user9,session_3735537656,test,1
820,518.379999876,73620.23462813543,388.4668314521947,972.7052273313645,5921.42650611252,21.4456048071317,3548.978035064439,9762.633786059321,3.997105091316447,0.13573764906710417,55,0.10609977239314088,22,0.026829268292682926,51,0.06219512195121951,433.4085365853659,279.0987804878049,467.3148587584339,217.96693804129345,1919.0,1057.0,50.0,1.5818511520431913,user9,session_3828692242,test,1
1343,240.095000029,79090.20193486437,316.1176089089256,867.2693530173751,5546.002743318862,16.806728620859715,5582.860537006549,28075.44265899801,4.037391408610773,0.11903349683612137,82,0.3415314770823865,64,0.04765450483991065,31,0.02308265078183172,340.75577066269545,470.789277736411,268.0740353795804,294.5111402779844,1599.0,899.0,50.0,5.593619191727379,user9,session_3919629858,test,1
5327,481.960999966,28870.15912695098,19.32793140255536,228.12932383741904,5000.0,0.0,37.7947030917371,197.66517692703837,0.748155352045673,0.21063574012357386,52,0.10789254732990501,225,0.04223765721794631,70,0.013140604467805518,282.4537262999812,313.14060446780553,173.74752506958384,152.469298256608,796.0,573.0,50.0,11.052761531277,user9,session_3926840201,test,0
141,59.3480000496,6037.115306790682,208.42605307599274,440.7955634136239,2504.4874973609926,25.41599321271237,1612.5692765866143,3677.3386959148575,4.186302105669387,0.19545567205414277,8,0.1347981396730136,8,0.05673758865248227,9,0.06382978723404255,320.58156028368796,273.6241134751773,163.4007849267897,161.98445864637281,597.0,724.0,9.537257850906768,2.375817211736865,user9,session_4066780045,test,1
265,56.9140000343,8363.028146550783,236.64671561939775,555.8984937706999,5000.0,31.922365099223622,2222.6240681568875,4918.581964464123,5.103992516609249,0.1789455624374746,24,0.4216888636457826,6,0.022641509433962263,14,0.052830188679245285,209.6377358490566,219.03773584905662,137.95158931615904,112.44836563618051,910.0,462.0,43.30209591689504,4.656147869422183,user9,session_4088341904,test,1
5627,566.183000088,221100.69393744975,31.28331171311149,324.6710646122416,5000.0,0.0,231.62598479902206,1926.1943018225554,0.9995215607864929,0.21520282460459736,70,0.12363493780124117,295,0.05242580415852142,44,0.007819441976186245,362.75813044250935,328.684556602097,878.963433454878,882.8563109284391,65535.0,65535.0,50.0,9.938482785822629,user9,session_4243186683,test,0
609,126.137000084,15052.694213598905,187.4521842644679,440.852120665593,5000.0,21.978031397179667,1496.6048790061502,3504.430775994018,3.9640584245548482,0.2065342384198888,50,0.3963943963048342,10,0.016420361247947456,30,0.04926108374384237,343.6863711001642,221.6206896551724,160.64343840966293,99.22084103109755,581.0,514.0,38.181193498331915,4.82808374699288,user9,session_4269912456,test,1
1814,1145.37599993,268604.0249910652,289.6367137755985,659.004094293032,5000.0,47.94026713850967,2539.332713709976,6053.960798874077,5.864784959654235,0.20553172796568103,110,0.0960383315232052,24,0.013230429988974642,108,0.05953693495038589,349.85887541345096,337.70727673649395,1549.3981369557805,1540.330057102011,65535.0,65535.0,50.0,1.5837593943917658,user9,session_4322210317,test,1
928,335.838999987,223734.28037120492,285.10376520857983,688.9342007626117,5000.0,28.50075127411249,2963.841455627373,7339.5395493719625,4.561366299342669,0.17295557044294937,84,0.2501198491040396,32,0.034482758620689655,44,0.04741379310344827,373.59375,422.6346982758621,2158.725720312339,2151.3844961896552,65521.0,65511.0,50.0,2.76322880914939,user9,session_4619254586,test,1
7361,724.416000128,38224.030879948186,21.68940945132278,261.68928098404234,5000.0,0.0,39.98073500489188,243.39577399520925,0.7561597249641612,0.20548878740609172,80,0.11043378388365867,7,0.000950957750305665,137,0.018611601684553728,294.0213286238283,297.9557125390572,165.4497147317293,157.06030306612766,788.0,566.0,50.0,10.161288539595144,user9,session_4948057062,test,0
504,201.338000059,29900.415418066445,417.0210032116946,917.8005987658898,5512.307127458821,90.41188632982426,4209.150526441169,10145.339718667377,6.022515081133967,0.2390566370163391,15,0.07450158437852968,29,0.057539682539682536,45,0.08928571428571429,481.26785714285717,543.140873015873,293.45126987597195,339.90307061214133,1363.0,1079.0,50.0,2.503253235118597,user9,session_4949372670,test,1
2017,723.053999901,102411.20077914509,382.4887454292366,1434.7331613367087,12027.248285796488,20.83339453142325,78838.89348224674,690084.0987661533,3.9240462439705874,0.14013380689239355,95,0.13138714399340481,130,0.06445215666831929,115,0.05701536936043629,701.6559246405553,425.0892414476946,409.23010807491937,265.6851504598455,1618.0,1079.0,50.0,2.789556520365237,user9,session_4962669721,test,1
3633,200.059000015,21336.855976162038,31.916858981874686,333.0021006277688,5000.0,0.0,165.19317736191712,1350.05226847006,0.9050768563017094,0.20913657291835447,45,0.22493364455798537,245,0.0674373795761079,35,0.009633911368015413,376.22460776218,357.02945224332507,130.48461510750556,120.68805340981667,735.0,601.0,50.0,18.15964290398135,user9,session_5496662888,test,0
1363,413.056999922,42009.556285267325,196.39485552605873,488.73043053686393,5000.0,21.42859187757214,1435.0595230734853,3701.897237866429,3.8870491181315154,0.2261724556732427,81,0.19609884353804852,22,0.016140865737344093,61,0.04475421863536317,402.89214966984594,325.77549523110787,290.84997867029676,222.24115981113903,1299.0,767.0,48.70300285553785,3.299786712868644,user9,session_5499827097,test,1
7674,353.726000071,34618.16091642626,22.96693751636158,267.9507641561876,5000.0,0.0,40.9810945802054,211.93128052887738,0.8324151748238595,0.1896318057330505,83,0.23464489458886317,13,0.0016940317956737035,67,0.00873077925462601,374.70067761271827,287.77169663799845,240.01604692880036,155.68732763790933,1317.0,707.0,50.0,21.694758085240192,user9,session_5745729038,test,0
1064,229.618999958,55472.84887827533,375.67273941514713,758.51197322321,5000.0,72.93437716159357,3781.576229960582,8339.187376415977,6.099264923234627,0.18338899703424025,48,0.20904193472134172,59,0.05545112781954887,48,0.045112781954887216,578.5291353383459,283.26973684210526,345.75420866532903,163.95946767993428,1362.0,658.0,50.0,4.633762886323074,user9,session_6228883788,test,1
1213,364.471999884,47612.014816466246,235.73466579102077,600.6705937890184,5000.0,34.18800409089963,2345.5031162666046,6165.3741612589165,3.888147696746517,0.15860192842370557,66,0.18108386932605447,25,0.020610057708161583,108,0.08903544929925804,285.24732069249796,243.8474855729596,219.24421598015462,161.4453508392742,1363.0,767.0,50.0,3.3281020226136984,user9,session_6399026328,test,1
10559,399.798000097,50614.28517230896,25.7844306809393,276.8322299391015,5000.0,0.0,91.3464029890613,639.8376954828781,0.9485081756125124,0.19150680726472466,127,0.31766041843427667,147,0.013921772895160526,75,0.007102945354673738,387.2860119329482,345.89355052561797,243.28383829385731,157.77291738448173,1321.0,691.0,50.0,26.41083746651596,user9,session_6448386600,test,0
3503,150.458999872,19131.751283626207,26.363566543917422,288.1643259076335,5000.0,0.0,115.17559870791084,927.4336354406092,0.7545840675762324,0.20593177225466694,34,0.22597518280013043,4,0.0011418783899514702,43,0.012275192691978304,190.96031972594918,282.48187268055955,115.18111713415698,160.61951432958244,603.0,665.0,41.82764482914631,23.28209015731932,user9,session_6845822655,test,0
244,93.1689999104,12653.989004075458,293.0261427868116,592.200186790638,3526.7973768088073,30.891681785966714,2459.612704004504,5129.3211847256625,4.172011992183024,0.16668626217090612,25,0.26832959486569924,9,0.036885245901639344,20,0.08196721311475409,402.99590163934425,304.3032786885246,294.396788567635,194.79561471408874,1360.0,767.0,37.52761040236362,2.6188968458892243,user9,session_6951064037,test,1
8831,403.008000135,237531.9146847137,21.1133843098689,248.94373775957962,5000.0,0.0,44.78894375762304,250.08362658497512,0.7177473038016099,0.19106860452939975,87,0.21587660783621335,149,0.016872381383761747,68,0.007700147208696636,441.45725285924584,355.3808175744536,762.7950698860499,708.0858890764803,65535.0,65535.0,50.0,21.912716365535633,user9,session_7103728864,test,0
401,318.662999868,14161.56109226014,244.10555051902205,513.3273310419905,4797.610214118257,51.115669555934176,1957.041323512697,4460.957779331675,3.9284355418692223,0.15785185695256757,16,0.05020978276934471,88,0.2194513715710723,26,0.06483790523690773,666.4164588528678,318.22443890274315,209.32245132433582,162.11525067447198,963.0,706.0,15.945417289212681,1.2583826806567018,user9,session_7395469781,test,1
4706,265.756000042,16847.653102819782,27.716195465219037,301.9138797963844,5000.0,0.0,129.18143091536032,1038.3407531791986,0.9431360390213811,0.22260690210935447,43,0.16180255570223925,350,0.0743731406714832,48,0.010199745006374841,354.2399065023374,290.5359116022099,146.26488871819072,124.73929662038077,783.0,543.0,50.0,17.707972724063673,user9,session_7422270211,test,0
1832,109.054999828,8528.353241926052,25.579505522677756,272.9787415693956,5000.0,0.0,140.77729875793574,1100.179053304713,0.8106652614460597,0.18982793815912222,17,0.15588464560829085,1,0.0005458515283842794,14,0.007641921397379912,221.8990174672489,352.65447598253274,89.32285563409822,165.98013719692113,596.0,652.0,34.02640297871077,16.798862985552283,user9,session_7422282952,test,0
1587,769.015999794,55217.584074761704,202.7997890871464,469.3780233422176,5000.0,27.548146062850346,1335.7927592008198,3129.347458961537,4.008855941469573,0.2402743400173169,89,0.11573231249264106,24,0.015122873345935728,106,0.06679269061121614,244.25015752993068,301.0119722747322,146.81038737354254,132.51214408771395,780.0,666.0,50.0,2.063676178941813,user9,session_7555995161,test,1
